name_as_published,normalised_key,district_id,display_name,label_type,n_sources,occurrences,sources
STATE,STATE,OD00,Odisha (state total),state_total,2,198,earas_report_2024_25:table_1.1; earas_report_2024_25:tables_5.x
ORISSA  STATE,ORISSASTATE,OD00,Odisha (state total),state_total,1,27,earas_2022_23:distwise_minorcrops_AYP2022-23
Odisha,ODISHA,OD00,Odisha (state total),state_total,2,2,OES_2026:Table 3.13; district_at_a_glance_2026
TOTAL,TOTAL,OD00,Odisha (state total),state_total,2,2,OES_2026:Table 3.2; OES_2026:Table 3.6
Grand Total,GRANDTOTAL,OD00,Odisha (state total),state_total,1,1,OES_2026:Table 3.20
Total,TOTAL,OD00,Odisha (state total),state_total,1,1,OES_2026:Table 5. 9
Angul,ANGUL,OD01,Angul,district,20,682,OES_2026:Table 3.13; OES_2026:Table 3.2; OES_2026:Table 3.20; OES_2026:Table 3.4; OES_2026:Table 3.6; OES_2026:Table 5. 9; OES_2026:Table 6.2; OES_2026:Table 6.7; OES_2026:Table 9.5; district_at_a_glance_2026; earas_2022_23:blockwise_paddy_AYP_2022-23; earas_2023_24:blockwise_LUS_2023_24; earas_2023_24:blockwise_paddy_AYP_2023_24; earas_2023_24:dist_paddy_AYP_2023-24; earas_2023_24:distwise_minor_crop_AYP_2023-24; earas_report_2022_23:district_tables; earas_report_2023_24:district_tables; earas_report_2024_25:table_1.1; earas_report_2024_25:tables_5.x; price_stats_2020_pdf
ANGUL,ANGUL,OD01,Angul,district,1,108,earas_2022_23:blockwise_LUS_202223
ANUGUL,ANUGUL,OD01,Angul,district,1,27,earas_2022_23:distwise_minorcrops_AYP2022-23
Anugul,ANUGUL,OD01,Angul,district,3,19,OES_2026:Table 5. 8; earas_report_2022_23:district_tables; earas_report_2023_24:district_tables
Balangir,BALANGIR,OD02,Balangir,district,10,513,OES_2026:Table 5. 8; OES_2026:Table 6.7; earas_2022_23:blockwise_paddy_AYP_2022-23; earas_2023_24:blockwise_LUS_2023_24; earas_2023_24:blockwise_paddy_AYP_2023_24; earas_2023_24:dist_paddy_AYP_2023-24; earas_2023_24:distwise_minor_crop_AYP_2023-24; earas_report_2022_23:district_tables; earas_report_2023_24:district_tables; earas_report_2024_25:tables_5.x
Bolangir,BOLANGIR,OD02,Balangir,district,12,298,OES_2026:Table 3.13; OES_2026:Table 3.2; OES_2026:Table 3.20; OES_2026:Table 3.4; OES_2026:Table 3.6; OES_2026:Table 6.2; OES_2026:Table 9.5; district_at_a_glance_2026; earas_report_2022_23:district_tables; earas_report_2023_24:district_tables; earas_report_2024_25:table_1.1; price_stats_2020_pdf
BALANGIR,BALANGIR,OD02,Balangir,district,2,207,earas_2022_23:blockwise_LUS_202223; earas_2022_23:distwise_minorcrops_AYP2022-23
Bolangiri,BOLANGIRI,OD02,Balangir,district,1,1,OES_2026:Table 5. 9
Balasore,BALASORE,OD03,Balasore,district,20,771,OES_2026:Table 3.13; OES_2026:Table 3.2; OES_2026:Table 3.20; OES_2026:Table 3.4; OES_2026:Table 3.6; OES_2026:Table 5. 8; OES_2026:Table 6.2; OES_2026:Table 6.7; OES_2026:Table 9.5; district_at_a_glance_2026; earas_2022_23:blockwise_paddy_AYP_2022-23; earas_2023_24:blockwise_LUS_2023_24; earas_2023_24:blockwise_paddy_AYP_2023_24; earas_2023_24:dist_paddy_AYP_2023-24; earas_2023_24:distwise_minor_crop_AYP_2023-24; earas_report_2022_23:district_tables; earas_report_2023_24:district_tables; earas_report_2024_25:table_1.1; earas_report_2024_25:tables_5.x; price_stats_2020_pdf
BALASORE,BALASORE,OD03,Balasore,district,2,183,earas_2022_23:blockwise_LUS_202223; earas_2022_23:distwise_minorcrops_AYP2022-23
Bargarh,BARGARH,OD04,Bargarh,district,13,492,OES_2026:Table 3.13; OES_2026:Table 3.2; OES_2026:Table 3.20; OES_2026:Table 3.4; OES_2026:Table 3.6; OES_2026:Table 6.2; earas_2023_24:dist_paddy_AYP_2023-24; earas_2023_24:distwise_minor_crop_AYP_2023-24; earas_report_2022_23:district_tables; earas_report_2023_24:district_tables; earas_report_2024_25:table_1.1; earas_report_2024_25:tables_5.x; price_stats_2020_pdf
Baragarh,BARAGARH,OD04,Bargarh,district,9,281,OES_2026:Table 5. 8; OES_2026:Table 6.7; OES_2026:Table 9.5; district_at_a_glance_2026; earas_2022_23:blockwise_paddy_AYP_2022-23; earas_2023_24:blockwise_LUS_2023_24; earas_2023_24:blockwise_paddy_AYP_2023_24; earas_report_2022_23:district_tables; earas_report_2023_24:district_tables
BARAGARH,BARAGARH,OD04,Bargarh,district,1,156,earas_2022_23:blockwise_LUS_202223
BARGARH,BARGARH,OD04,Bargarh,district,1,27,earas_2022_23:distwise_minorcrops_AYP2022-23
Bhadrak,BHADRAK,OD05,Bhadrak,district,19,679,OES_2026:Table 3.13; OES_2026:Table 3.2; OES_2026:Table 3.20; OES_2026:Table 3.4; OES_2026:Table 3.6; OES_2026:Table 6.2; OES_2026:Table 6.7; OES_2026:Table 9.5; district_at_a_glance_2026; earas_2022_23:blockwise_paddy_AYP_2022-23; earas_2023_24:blockwise_LUS_2023_24; earas_2023_24:blockwise_paddy_AYP_2023_24; earas_2023_24:dist_paddy_AYP_2023-24; earas_2023_24:distwise_minor_crop_AYP_2023-24; earas_report_2022_23:district_tables; earas_report_2023_24:district_tables; earas_report_2024_25:table_1.1; earas_report_2024_25:tables_5.x; price_stats_2020_pdf
BHADRAK,BHADRAK,OD05,Bhadrak,district,2,123,earas_2022_23:blockwise_LUS_202223; earas_2022_23:distwise_minorcrops_AYP2022-23
Boudh,BOUDH,OD06,Boudh,district,19,607,OES_2026:Table 3.13; OES_2026:Table 3.2; OES_2026:Table 3.20; OES_2026:Table 3.4; OES_2026:Table 3.6; OES_2026:Table 6.2; OES_2026:Table 6.7; OES_2026:Table 9.5; district_at_a_glance_2026; earas_2022_23:blockwise_paddy_AYP_2022-23; earas_2023_24:blockwise_LUS_2023_24; earas_2023_24:blockwise_paddy_AYP_2023_24; earas_2023_24:dist_paddy_AYP_2023-24; earas_2023_24:distwise_minor_crop_AYP_2023-24; earas_report_2022_23:district_tables; earas_report_2023_24:district_tables; earas_report_2024_25:table_1.1; earas_report_2024_25:tables_5.x; price_stats_2020_pdf
BOUDH,BOUDH,OD06,Boudh,district,2,75,earas_2022_23:blockwise_LUS_202223; earas_2022_23:distwise_minorcrops_AYP2022-23
Boudha,BOUDHA,OD06,Boudh,district,1,4,OES_2026:Table 5. 8
Cuttack,CUTTACK,OD07,Cuttack,district,20,808,OES_2026:Table 3.13; OES_2026:Table 3.2; OES_2026:Table 3.20; OES_2026:Table 3.4; OES_2026:Table 3.6; OES_2026:Table 5. 8; OES_2026:Table 6.2; OES_2026:Table 6.7; OES_2026:Table 9.5; district_at_a_glance_2026; earas_2022_23:blockwise_paddy_AYP_2022-23; earas_2023_24:blockwise_LUS_2023_24; earas_2023_24:blockwise_paddy_AYP_2023_24; earas_2023_24:dist_paddy_AYP_2023-24; earas_2023_24:distwise_minor_crop_AYP_2023-24; earas_report_2022_23:district_tables; earas_report_2023_24:district_tables; earas_report_2024_25:table_1.1; earas_report_2024_25:tables_5.x; price_stats_2020_pdf
CUTTACK,CUTTACK,OD07,Cuttack,district,2,207,earas_2022_23:blockwise_LUS_202223; earas_2022_23:distwise_minorcrops_AYP2022-23
Deogarh,DEOGARH,OD08,Deogarh,district,20,610,OES_2026:Table 3.13; OES_2026:Table 3.2; OES_2026:Table 3.20; OES_2026:Table 3.4; OES_2026:Table 3.6; OES_2026:Table 5. 8; OES_2026:Table 6.2; OES_2026:Table 6.7; OES_2026:Table 9.5; district_at_a_glance_2026; earas_2022_23:blockwise_paddy_AYP_2022-23; earas_2023_24:blockwise_LUS_2023_24; earas_2023_24:blockwise_paddy_AYP_2023_24; earas_2023_24:dist_paddy_AYP_2023-24; earas_2023_24:distwise_minor_crop_AYP_2023-24; earas_report_2022_23:district_tables; earas_report_2023_24:district_tables; earas_report_2024_25:table_1.1; earas_report_2024_25:tables_5.x; price_stats_2020_pdf
DEOGARH,DEOGARH,OD08,Deogarh,district,2,75,earas_2022_23:blockwise_LUS_202223; earas_2022_23:distwise_minorcrops_AYP2022-23
Dhenkanal,DHENKANAL,OD09,Dhenkanal,district,21,703,OES_2026:Table 3.13; OES_2026:Table 3.2; OES_2026:Table 3.20; OES_2026:Table 3.4; OES_2026:Table 3.6; OES_2026:Table 5. 8; OES_2026:Table 5. 9; OES_2026:Table 6.2; OES_2026:Table 6.7; OES_2026:Table 9.5; district_at_a_glance_2026; earas_2022_23:blockwise_paddy_AYP_2022-23; earas_2023_24:blockwise_LUS_2023_24; earas_2023_24:blockwise_paddy_AYP_2023_24; earas_2023_24:dist_paddy_AYP_2023-24; earas_2023_24:distwise_minor_crop_AYP_2023-24; earas_report_2022_23:district_tables; earas_report_2023_24:district_tables; earas_report_2024_25:table_1.1; earas_report_2024_25:tables_5.x; price_stats_2020_pdf
DHENKANAL,DHENKANAL,OD09,Dhenkanal,district,2,135,earas_2022_23:blockwise_LUS_202223; earas_2022_23:distwise_minorcrops_AYP2022-23
Gajapati,GAJAPATI,OD10,Gajapati,district,20,542,OES_2026:Table 3.13; OES_2026:Table 3.2; OES_2026:Table 3.20; OES_2026:Table 3.4; OES_2026:Table 3.6; OES_2026:Table 5. 8; OES_2026:Table 6.2; OES_2026:Table 6.7; OES_2026:Table 9.5; district_at_a_glance_2026; earas_2022_23:blockwise_paddy_AYP_2022-23; earas_2023_24:blockwise_LUS_2023_24; earas_2023_24:blockwise_paddy_AYP_2023_24; earas_2023_24:dist_paddy_AYP_2023-24; earas_2023_24:distwise_minor_crop_AYP_2023-24; earas_report_2022_23:district_tables; earas_report_2023_24:district_tables; earas_report_2024_25:table_1.1; earas_report_2024_25:tables_5.x; price_stats_2020_pdf
Gajpati,GAJPATI,OD10,Gajapati,district,1,138,price_stats_2020_pdf
GAJAPATI,GAJAPATI,OD10,Gajapati,district,2,123,earas_2022_23:blockwise_LUS_202223; earas_2022_23:distwise_minorcrops_AYP2022-23
Ganjam,GANJAM,OD11,Ganjam,district,20,952,OES_2026:Table 3.13; OES_2026:Table 3.2; OES_2026:Table 3.20; OES_2026:Table 3.4; OES_2026:Table 3.6; OES_2026:Table 5. 8; OES_2026:Table 6.2; OES_2026:Table 6.7; OES_2026:Table 9.5; district_at_a_glance_2026; earas_2022_23:blockwise_paddy_AYP_2022-23; earas_2023_24:blockwise_LUS_2023_24; earas_2023_24:blockwise_paddy_AYP_2023_24; earas_2023_24:dist_paddy_AYP_2023-24; earas_2023_24:distwise_minor_crop_AYP_2023-24; earas_report_2022_23:district_tables; earas_report_2023_24:district_tables; earas_report_2024_25:table_1.1; earas_report_2024_25:tables_5.x; price_stats_2020_pdf
GANJAM,GANJAM,OD11,Ganjam,district,2,303,earas_2022_23:blockwise_LUS_202223; earas_2022_23:distwise_minorcrops_AYP2022-23
Jagatsinghpur,JAGATSINGHPUR,OD12,Jagatsinghpur,district,18,692,OES_2026:Table 3.13; OES_2026:Table 3.2; OES_2026:Table 3.20; OES_2026:Table 3.4; OES_2026:Table 3.6; OES_2026:Table 6.2; OES_2026:Table 6.7; district_at_a_glance_2026; earas_2022_23:blockwise_paddy_AYP_2022-23; earas_2023_24:blockwise_LUS_2023_24; earas_2023_24:blockwise_paddy_AYP_2023_24; earas_2023_24:dist_paddy_AYP_2023-24; earas_2023_24:distwise_minor_crop_AYP_2023-24; earas_report_2022_23:district_tables; earas_report_2023_24:district_tables; earas_report_2024_25:table_1.1; earas_report_2024_25:tables_5.x; price_stats_2020_pdf
JAGATSINGHPUR,JAGATSINGHPUR,OD12,Jagatsinghpur,district,2,135,earas_2022_23:blockwise_LUS_202223; earas_2022_23:distwise_minorcrops_AYP2022-23
J.Singhpur,JSINGHPUR,OD12,Jagatsinghpur,district,2,2,earas_report_2022_23:district_tables; earas_report_2023_24:district_tables
Jagatsingpur,JAGATSINGPUR,OD12,Jagatsinghpur,district,2,2,earas_report_2022_23:district_tables; earas_report_2023_24:district_tables
Jagathsinghpur,JAGATHSINGHPUR,OD12,Jagatsinghpur,district,1,1,OES_2026:Table 5. 8
Jagatsinpur,JAGATSINPUR,OD12,Jagatsinghpur,district,1,1,OES_2026:Table 9.5
Jajpur,JAJPUR,OD13,Jajpur,district,21,741,OES_2026:Table 3.13; OES_2026:Table 3.2; OES_2026:Table 3.20; OES_2026:Table 3.4; OES_2026:Table 3.6; OES_2026:Table 5. 8; OES_2026:Table 5. 9; OES_2026:Table 6.2; OES_2026:Table 6.7; OES_2026:Table 9.5; district_at_a_glance_2026; earas_2022_23:blockwise_paddy_AYP_2022-23; earas_2023_24:blockwise_LUS_2023_24; earas_2023_24:blockwise_paddy_AYP_2023_24; earas_2023_24:dist_paddy_AYP_2023-24; earas_2023_24:distwise_minor_crop_AYP_2023-24; earas_report_2022_23:district_tables; earas_report_2023_24:district_tables; earas_report_2024_25:table_1.1; earas_report_2024_25:tables_5.x; price_stats_2020_pdf
JAJPUR,JAJPUR,OD13,Jajpur,district,2,159,earas_2022_23:blockwise_LUS_202223; earas_2022_23:distwise_minorcrops_AYP2022-23
Jharsuguda,JHARSUGUDA,OD14,Jharsuguda,district,21,636,OES_2026:Table 3.13; OES_2026:Table 3.2; OES_2026:Table 3.20; OES_2026:Table 3.4; OES_2026:Table 3.6; OES_2026:Table 5. 8; OES_2026:Table 5. 9; OES_2026:Table 6.2; OES_2026:Table 6.7; OES_2026:Table 9.5; district_at_a_glance_2026; earas_2022_23:blockwise_paddy_AYP_2022-23; earas_2023_24:blockwise_LUS_2023_24; earas_2023_24:blockwise_paddy_AYP_2023_24; earas_2023_24:dist_paddy_AYP_2023-24; earas_2023_24:distwise_minor_crop_AYP_2023-24; earas_report_2022_23:district_tables; earas_report_2023_24:district_tables; earas_report_2024_25:table_1.1; earas_report_2024_25:tables_5.x; price_stats_2020_pdf
JHARSUGUDA,JHARSUGUDA,OD14,Jharsuguda,district,2,99,earas_2022_23:blockwise_LUS_202223; earas_2022_23:distwise_minorcrops_AYP2022-23
Jharsuguda*,JHARSUGUDA,OD14,Jharsuguda,district,1,6,price_stats_2020_pdf
Jharasuguda,JHARASUGUDA,OD14,Jharsuguda,district,2,4,earas_report_2022_23:district_tables; earas_report_2023_24:district_tables
Kalahandi,KALAHANDI,OD15,Kalahandi,district,20,791,OES_2026:Table 3.13; OES_2026:Table 3.2; OES_2026:Table 3.20; OES_2026:Table 3.4; OES_2026:Table 3.6; OES_2026:Table 5. 8; OES_2026:Table 6.2; OES_2026:Table 6.7; OES_2026:Table 9.5; district_at_a_glance_2026; earas_2022_23:blockwise_paddy_AYP_2022-23; earas_2023_24:blockwise_LUS_2023_24; earas_2023_24:blockwise_paddy_AYP_2023_24; earas_2023_24:dist_paddy_AYP_2023-24; earas_2023_24:distwise_minor_crop_AYP_2023-24; earas_report_2022_23:district_tables; earas_report_2023_24:district_tables; earas_report_2024_25:table_1.1; earas_report_2024_25:tables_5.x; price_stats_2020_pdf
KALAHANDI,KALAHANDI,OD15,Kalahandi,district,2,195,earas_2022_23:blockwise_LUS_202223; earas_2022_23:distwise_minorcrops_AYP2022-23
Kandhamal,KANDHAMAL,OD16,Kandhamal,district,20,772,OES_2026:Table 3.13; OES_2026:Table 3.2; OES_2026:Table 3.20; OES_2026:Table 3.4; OES_2026:Table 3.6; OES_2026:Table 5. 8; OES_2026:Table 6.2; OES_2026:Table 6.7; OES_2026:Table 9.5; district_at_a_glance_2026; earas_2022_23:blockwise_paddy_AYP_2022-23; earas_2023_24:blockwise_LUS_2023_24; earas_2023_24:blockwise_paddy_AYP_2023_24; earas_2023_24:dist_paddy_AYP_2023-24; earas_2023_24:distwise_minor_crop_AYP_2023-24; earas_report_2022_23:district_tables; earas_report_2023_24:district_tables; earas_report_2024_25:table_1.1; earas_report_2024_25:tables_5.x; price_stats_2020_pdf
KANDHAMAL,KANDHAMAL,OD16,Kandhamal,district,2,183,earas_2022_23:blockwise_LUS_202223; earas_2022_23:distwise_minorcrops_AYP2022-23
Kendrapara,KENDRAPARA,OD17,Kendrapara,district,16,479,OES_2026:Table 3.13; OES_2026:Table 3.2; OES_2026:Table 3.20; OES_2026:Table 3.4; OES_2026:Table 3.6; OES_2026:Table 6.2; OES_2026:Table 6.7; OES_2026:Table 9.5; district_at_a_glance_2026; earas_2022_23:blockwise_paddy_AYP_2022-23; earas_2023_24:blockwise_LUS_2023_24; earas_2023_24:blockwise_paddy_AYP_2023_24; earas_report_2022_23:district_tables; earas_report_2023_24:district_tables; earas_report_2024_25:table_1.1; price_stats_2020_pdf
Kendrapada,KENDRAPADA,OD17,Kendrapara,district,6,238,OES_2026:Table 5. 8; earas_2023_24:dist_paddy_AYP_2023-24; earas_2023_24:distwise_minor_crop_AYP_2023-24; earas_report_2022_23:district_tables; earas_report_2023_24:district_tables; earas_report_2024_25:tables_5.x
KENDRAPARA,KENDRAPARA,OD17,Kendrapara,district,2,147,earas_2022_23:blockwise_LUS_202223; earas_2022_23:distwise_minorcrops_AYP2022-23
Keonjhar,KEONJHAR,OD18,Keonjhar,district,21,797,OES_2026:Table 3.13; OES_2026:Table 3.2; OES_2026:Table 3.20; OES_2026:Table 3.4; OES_2026:Table 3.6; OES_2026:Table 5. 8; OES_2026:Table 5. 9; OES_2026:Table 6.2; OES_2026:Table 6.7; OES_2026:Table 9.5; district_at_a_glance_2026; earas_2022_23:blockwise_paddy_AYP_2022-23; earas_2023_24:blockwise_LUS_2023_24; earas_2023_24:blockwise_paddy_AYP_2023_24; earas_2023_24:dist_paddy_AYP_2023-24; earas_2023_24:distwise_minor_crop_AYP_2023-24; earas_report_2022_23:district_tables; earas_report_2023_24:district_tables; earas_report_2024_25:table_1.1; earas_report_2024_25:tables_5.x; price_stats_2020_pdf
KEONJHAR,KEONJHAR,OD18,Keonjhar,district,2,195,earas_2022_23:blockwise_LUS_202223; earas_2022_23:distwise_minorcrops_AYP2022-23
Keunjhor,KEUNJHOR,OD18,Keonjhar,district,2,4,earas_report_2022_23:district_tables; earas_report_2023_24:district_tables
Kendujhar,KENDUJHAR,OD18,Keonjhar,district,0,0,"curated (official/alternate spelling, not yet seen)"
Khurda,KHURDA,OD19,Khordha,district,13,727,OES_2026:Table 6.7; OES_2026:Table 9.5; district_at_a_glance_2026; earas_2022_23:blockwise_paddy_AYP_2022-23; earas_2023_24:blockwise_LUS_2023_24; earas_2023_24:blockwise_paddy_AYP_2023_24; earas_2023_24:dist_paddy_AYP_2023-24; earas_2023_24:distwise_minor_crop_AYP_2023-24; earas_report_2022_23:district_tables; earas_report_2023_24:district_tables; earas_report_2024_25:table_1.1; earas_report_2024_25:tables_5.x; price_stats_2020_pdf
KHURDA,KHURDA,OD19,Khordha,district,2,159,earas_2022_23:blockwise_LUS_202223; earas_2022_23:distwise_minorcrops_AYP2022-23
Khordha,KHORDHA,OD19,Khordha,district,7,8,OES_2026:Table 3.13; OES_2026:Table 3.2; OES_2026:Table 3.20; OES_2026:Table 3.4; OES_2026:Table 3.6; OES_2026:Table 5. 8; OES_2026:Table 6.2
Koraput,KORAPUT,OD20,Koraput,district,21,813,OES_2026:Table 3.13; OES_2026:Table 3.2; OES_2026:Table 3.20; OES_2026:Table 3.4; OES_2026:Table 3.6; OES_2026:Table 5. 8; OES_2026:Table 5. 9; OES_2026:Table 6.2; OES_2026:Table 6.7; OES_2026:Table 9.5; district_at_a_glance_2026; earas_2022_23:blockwise_paddy_AYP_2022-23; earas_2023_24:blockwise_LUS_2023_24; earas_2023_24:blockwise_paddy_AYP_2023_24; earas_2023_24:dist_paddy_AYP_2023-24; earas_2023_24:distwise_minor_crop_AYP_2023-24; earas_report_2022_23:district_tables; earas_report_2023_24:district_tables; earas_report_2024_25:table_1.1; earas_report_2024_25:tables_5.x; price_stats_2020_pdf
KORAPUT,KORAPUT,OD20,Koraput,district,2,207,earas_2022_23:blockwise_LUS_202223; earas_2022_23:distwise_minorcrops_AYP2022-23
Malkangiri,MALKANGIRI,OD21,Malkangiri,district,18,615,OES_2026:Table 3.13; OES_2026:Table 3.2; OES_2026:Table 3.20; OES_2026:Table 3.4; OES_2026:Table 3.6; OES_2026:Table 5. 8; OES_2026:Table 6.2; OES_2026:Table 6.7; OES_2026:Table 9.5; district_at_a_glance_2026; earas_2023_24:blockwise_LUS_2023_24; earas_2023_24:dist_paddy_AYP_2023-24; earas_2023_24:distwise_minor_crop_AYP_2023-24; earas_report_2022_23:district_tables; earas_report_2023_24:district_tables; earas_report_2024_25:table_1.1; earas_report_2024_25:tables_5.x; price_stats_2020_pdf
MALKANGIRI,MALKANGIRI,OD21,Malkangiri,district,2,123,earas_2022_23:blockwise_LUS_202223; earas_2022_23:distwise_minorcrops_AYP2022-23
Malkanagir,MALKANAGIR,OD21,Malkangiri,district,2,48,earas_2022_23:blockwise_paddy_AYP_2022-23; earas_2023_24:blockwise_paddy_AYP_2023_24
Malakangiri,MALAKANGIRI,OD21,Malkangiri,district,2,16,earas_report_2022_23:district_tables; earas_report_2023_24:district_tables
Malkanagiri,MALKANAGIRI,OD21,Malkangiri,district,2,4,earas_report_2022_23:district_tables; earas_report_2023_24:district_tables
Mayurbhanj,MAYURBHANJ,OD22,Mayurbhanj,district,17,774,OES_2026:Table 3.13; OES_2026:Table 3.2; OES_2026:Table 3.20; OES_2026:Table 3.4; OES_2026:Table 3.6; OES_2026:Table 5. 8; OES_2026:Table 6.2; OES_2026:Table 6.7; OES_2026:Table 9.5; district_at_a_glance_2026; earas_2022_23:blockwise_paddy_AYP_2022-23; earas_2023_24:blockwise_LUS_2023_24; earas_2023_24:blockwise_paddy_AYP_2023_24; earas_report_2022_23:district_tables; earas_report_2023_24:district_tables; earas_report_2024_25:table_1.1; price_stats_2020_pdf
MAYURBHANJ,MAYURBHANJ,OD22,Mayurbhanj,district,2,351,earas_2022_23:blockwise_LUS_202223; earas_2022_23:distwise_minorcrops_AYP2022-23
Mayurbhanja,MAYURBHANJA,OD22,Mayurbhanj,district,6,257,OES_2026:Table 5. 9; earas_2023_24:dist_paddy_AYP_2023-24; earas_2023_24:distwise_minor_crop_AYP_2023-24; earas_report_2022_23:district_tables; earas_report_2023_24:district_tables; earas_report_2024_25:tables_5.x
Nawarangpur,NAWARANGPUR,OD23,Nabarangpur,district,6,228,OES_2026:Table 6.7; OES_2026:Table 9.5; earas_2023_24:distwise_minor_crop_AYP_2023-24; earas_report_2022_23:district_tables; earas_report_2023_24:district_tables; earas_report_2024_25:tables_5.x
Nabarangapur,NABARANGAPUR,OD23,Nabarangpur,district,1,210,price_stats_2020_pdf
NOWARAGPUR,NOWARAGPUR,OD23,Nabarangpur,district,1,132,earas_2022_23:blockwise_LUS_202223
Nowaragpur,NOWARAGPUR,OD23,Nabarangpur,district,1,132,earas_2023_24:blockwise_LUS_2023_24
Nowarangpur,NOWARANGPUR,OD23,Nabarangpur,district,5,112,earas_2022_23:blockwise_paddy_AYP_2022-23; earas_2023_24:blockwise_paddy_AYP_2023_24; earas_report_2022_23:district_tables; earas_report_2023_24:district_tables; earas_report_2024_25:table_1.1
Nawrangpur,NAWRANGPUR,OD23,Nabarangpur,district,4,28,earas_2023_24:dist_paddy_AYP_2023-24; earas_report_2022_23:district_tables; earas_report_2023_24:district_tables; earas_report_2024_25:tables_5.x
NAWARANGPUR,NAWARANGPUR,OD23,Nabarangpur,district,1,27,earas_2022_23:distwise_minorcrops_AYP2022-23
Nowrangapur,NOWRANGAPUR,OD23,Nabarangpur,district,2,16,earas_report_2022_23:district_tables; earas_report_2023_24:district_tables
Nabarangpur,NABARANGPUR,OD23,Nabarangpur,district,6,6,OES_2026:Table 3.13; OES_2026:Table 3.2; OES_2026:Table 3.20; OES_2026:Table 3.6; OES_2026:Table 6.2; district_at_a_glance_2026
Nabrangpur,NABRANGPUR,OD23,Nabarangpur,district,2,6,OES_2026:Table 3.4; OES_2026:Table 5. 8
Nayagarh,NAYAGARH,OD24,Nayagarh,district,16,461,OES_2026:Table 3.13; OES_2026:Table 3.2; OES_2026:Table 3.20; OES_2026:Table 3.4; OES_2026:Table 3.6; OES_2026:Table 6.2; OES_2026:Table 6.7; OES_2026:Table 9.5; district_at_a_glance_2026; earas_2022_23:blockwise_paddy_AYP_2022-23; earas_2023_24:blockwise_LUS_2023_24; earas_2023_24:blockwise_paddy_AYP_2023_24; earas_report_2022_23:district_tables; earas_report_2023_24:district_tables; earas_report_2024_25:table_1.1; price_stats_2020_pdf
Nayagada,NAYAGADA,OD24,Nayagarh,district,6,238,OES_2026:Table 5. 8; earas_2023_24:dist_paddy_AYP_2023-24; earas_2023_24:distwise_minor_crop_AYP_2023-24; earas_report_2022_23:district_tables; earas_report_2023_24:district_tables; earas_report_2024_25:tables_5.x
NAYAGARH,NAYAGARH,OD24,Nayagarh,district,2,135,earas_2022_23:blockwise_LUS_202223; earas_2022_23:distwise_minorcrops_AYP2022-23
Nuapada,NUAPADA,OD25,Nuapada,district,20,479,OES_2026:Table 3.13; OES_2026:Table 3.2; OES_2026:Table 3.20; OES_2026:Table 3.4; OES_2026:Table 3.6; OES_2026:Table 5. 8; OES_2026:Table 6.2; OES_2026:Table 6.7; OES_2026:Table 9.5; district_at_a_glance_2026; earas_2022_23:blockwise_paddy_AYP_2022-23; earas_2023_24:blockwise_LUS_2023_24; earas_2023_24:blockwise_paddy_AYP_2023_24; earas_2023_24:dist_paddy_AYP_2023-24; earas_2023_24:distwise_minor_crop_AYP_2023-24; earas_report_2022_23:district_tables; earas_report_2023_24:district_tables; earas_report_2024_25:table_1.1; earas_report_2024_25:tables_5.x; price_stats_2020_pdf
Nuapara,NUAPARA,OD25,Nuapada,district,3,166,earas_report_2022_23:district_tables; earas_report_2023_24:district_tables; price_stats_2020_pdf
NUAPADA,NUAPADA,OD25,Nuapada,district,2,99,earas_2022_23:blockwise_LUS_202223; earas_2022_23:distwise_minorcrops_AYP2022-23
Puri,PURI,OD26,Puri,district,20,752,OES_2026:Table 3.13; OES_2026:Table 3.2; OES_2026:Table 3.20; OES_2026:Table 3.4; OES_2026:Table 3.6; OES_2026:Table 5. 8; OES_2026:Table 6.2; OES_2026:Table 6.7; OES_2026:Table 9.5; district_at_a_glance_2026; earas_2022_23:blockwise_paddy_AYP_2022-23; earas_2023_24:blockwise_LUS_2023_24; earas_2023_24:blockwise_paddy_AYP_2023_24; earas_2023_24:dist_paddy_AYP_2023-24; earas_2023_24:distwise_minor_crop_AYP_2023-24; earas_report_2022_23:district_tables; earas_report_2023_24:district_tables; earas_report_2024_25:table_1.1; earas_report_2024_25:tables_5.x; price_stats_2020_pdf
PURI,PURI,OD26,Puri,district,2,171,earas_2022_23:blockwise_LUS_202223; earas_2022_23:distwise_minorcrops_AYP2022-23
Rayagada,RAYAGADA,OD27,Rayagada,district,18,516,OES_2026:Table 3.13; OES_2026:Table 3.2; OES_2026:Table 3.20; OES_2026:Table 3.4; OES_2026:Table 3.6; OES_2026:Table 5. 8; OES_2026:Table 5. 9; OES_2026:Table 6.2; OES_2026:Table 6.7; OES_2026:Table 9.5; district_at_a_glance_2026; earas_2022_23:blockwise_paddy_AYP_2022-23; earas_2023_24:blockwise_LUS_2023_24; earas_2023_24:blockwise_paddy_AYP_2023_24; earas_report_2022_23:district_tables; earas_report_2023_24:district_tables; earas_report_2024_25:table_1.1; price_stats_2020_pdf
Raygada,RAYGADA,OD27,Rayagada,district,5,236,earas_2023_24:dist_paddy_AYP_2023-24; earas_2023_24:distwise_minor_crop_AYP_2023-24; earas_report_2022_23:district_tables; earas_report_2023_24:district_tables; earas_report_2024_25:tables_5.x
RAYAGADA,RAYAGADA,OD27,Rayagada,district,1,144,earas_2022_23:blockwise_LUS_202223
Rayagarh,RAYAGARH,OD27,Rayagada,district,2,4,earas_report_2022_23:district_tables; earas_report_2023_24:district_tables
Sambalpur,SAMBALPUR,OD28,Sambalpur,district,21,724,OES_2026:Table 3.13; OES_2026:Table 3.2; OES_2026:Table 3.20; OES_2026:Table 3.4; OES_2026:Table 3.6; OES_2026:Table 5. 8; OES_2026:Table 5. 9; OES_2026:Table 6.2; OES_2026:Table 6.7; OES_2026:Table 9.5; district_at_a_glance_2026; earas_2022_23:blockwise_paddy_AYP_2022-23; earas_2023_24:blockwise_LUS_2023_24; earas_2023_24:blockwise_paddy_AYP_2023_24; earas_2023_24:dist_paddy_AYP_2023-24; earas_2023_24:distwise_minor_crop_AYP_2023-24; earas_report_2022_23:district_tables; earas_report_2023_24:district_tables; earas_report_2024_25:table_1.1; earas_report_2024_25:tables_5.x; price_stats_2020_pdf
SAMBALPUR,SAMBALPUR,OD28,Sambalpur,district,2,147,earas_2022_23:blockwise_LUS_202223; earas_2022_23:distwise_minorcrops_AYP2022-23
Subarnapur,SUBARNAPUR,OD29,Subarnapur,district,17,406,OES_2026:Table 3.13; OES_2026:Table 3.2; OES_2026:Table 3.20; OES_2026:Table 3.4; OES_2026:Table 3.6; OES_2026:Table 5. 8; OES_2026:Table 6.2; OES_2026:Table 6.7; district_at_a_glance_2026; earas_2022_23:blockwise_paddy_AYP_2022-23; earas_2023_24:blockwise_LUS_2023_24; earas_2023_24:blockwise_paddy_AYP_2023_24; earas_2023_24:distwise_minor_crop_AYP_2023-24; earas_report_2022_23:district_tables; earas_report_2023_24:district_tables; earas_report_2024_25:table_1.1; earas_report_2024_25:tables_5.x
Sonepur,SONEPUR,OD29,Subarnapur,district,6,241,OES_2026:Table 9.5; earas_2023_24:dist_paddy_AYP_2023-24; earas_report_2022_23:district_tables; earas_report_2023_24:district_tables; earas_report_2024_25:tables_5.x; price_stats_2020_pdf
SUBARNAPUR,SUBARNAPUR,OD29,Subarnapur,district,2,111,earas_2022_23:blockwise_LUS_202223; earas_2022_23:distwise_minorcrops_AYP2022-23
Subarnpur,SUBARNPUR,OD29,Subarnapur,district,3,16,earas_2023_24:distwise_minor_crop_AYP_2023-24; earas_report_2023_24:district_tables; earas_report_2024_25:tables_5.x
Sundargarh,SUNDARGARH,OD30,Sundargarh,district,21,851,OES_2026:Table 3.13; OES_2026:Table 3.2; OES_2026:Table 3.20; OES_2026:Table 3.4; OES_2026:Table 3.6; OES_2026:Table 5. 8; OES_2026:Table 5. 9; OES_2026:Table 6.2; OES_2026:Table 6.7; OES_2026:Table 9.5; district_at_a_glance_2026; earas_2022_23:blockwise_paddy_AYP_2022-23; earas_2023_24:blockwise_LUS_2023_24; earas_2023_24:blockwise_paddy_AYP_2023_24; earas_2023_24:dist_paddy_AYP_2023-24; earas_2023_24:distwise_minor_crop_AYP_2023-24; earas_report_2022_23:district_tables; earas_report_2023_24:district_tables; earas_report_2024_25:table_1.1; earas_report_2024_25:tables_5.x; price_stats_2020_pdf
SUNDARGARH,SUNDARGARH,OD30,Sundargarh,district,2,243,earas_2022_23:blockwise_LUS_202223; earas_2022_23:distwise_minorcrops_AYP2022-23
Sundergarh,SUNDERGARH,OD30,Sundargarh,district,2,20,earas_report_2022_23:district_tables; earas_report_2023_24:district_tables
