name_as_published,n_sources,sources,occurrences,district_id,label_type,normalised_key,display_name
ANGUL,1,earas_2022_23:blockwise_LUS_202223,108,OD01,district,ANGUL,Angul
ANUGUL,1,earas_2022_23:distwise_minorcrops_AYP2022-23,27,OD01,district,ANUGUL,Angul
Angul,20,OES_2026:Table 3.13; OES_2026:Table 3.2; OES_2026:Table 3.20; OES_2026:Table 3.4; OES_2026:Table 3.6; OES_2026:Table 5. 9; OES_2026:Table 6.2; OES_2026:Table 6.7; OES_2026:Table 9.5; district_at_a_glance_2026; earas_2022_23:blockwise_paddy_AYP_2022-23; earas_2023_24:blockwise_LUS_2023_24; earas_2023_24:blockwise_paddy_AYP_2023_24; earas_2023_24:dist_paddy_AYP_2023-24; earas_2023_24:distwise_minor_crop_AYP_2023-24; earas_report_2022_23:district_tables; earas_report_2023_24:district_tables; earas_report_2024_25:table_1.1; earas_report_2024_25:tables_5.x; price_stats_2020_pdf,682,OD01,district,ANGUL,Angul
Anugul,3,OES_2026:Table 5. 8; earas_report_2022_23:district_tables; earas_report_2023_24:district_tables,19,OD01,district,ANUGUL,Angul
BALANGIR,2,earas_2022_23:blockwise_LUS_202223; earas_2022_23:distwise_minorcrops_AYP2022-23,207,OD02,district,BALANGIR,Balangir
BALASORE,2,earas_2022_23:blockwise_LUS_202223; earas_2022_23:distwise_minorcrops_AYP2022-23,183,OD03,district,BALASORE,Balasore
BARAGARH,1,earas_2022_23:blockwise_LUS_202223,156,OD04,district,BARAGARH,Bargarh
BARGARH,1,earas_2022_23:distwise_minorcrops_AYP2022-23,27,OD04,district,BARGARH,Bargarh
BHADRAK,2,earas_2022_23:blockwise_LUS_202223; earas_2022_23:distwise_minorcrops_AYP2022-23,123,OD05,district,BHADRAK,Bhadrak
BOUDH,2,earas_2022_23:blockwise_LUS_202223; earas_2022_23:distwise_minorcrops_AYP2022-23,75,OD06,district,BOUDH,Boudh
Balangir,10,OES_2026:Table 5. 8; OES_2026:Table 6.7; earas_2022_23:blockwise_paddy_AYP_2022-23; earas_2023_24:blockwise_LUS_2023_24; earas_2023_24:blockwise_paddy_AYP_2023_24; earas_2023_24:dist_paddy_AYP_2023-24; earas_2023_24:distwise_minor_crop_AYP_2023-24; earas_report_2022_23:district_tables; earas_report_2023_24:district_tables; earas_report_2024_25:tables_5.x,513,OD02,district,BALANGIR,Balangir
Balasore,20,OES_2026:Table 3.13; OES_2026:Table 3.2; OES_2026:Table 3.20; OES_2026:Table 3.4; OES_2026:Table 3.6; OES_2026:Table 5. 8; OES_2026:Table 6.2; OES_2026:Table 6.7; OES_2026:Table 9.5; district_at_a_glance_2026; earas_2022_23:blockwise_paddy_AYP_2022-23; earas_2023_24:blockwise_LUS_2023_24; earas_2023_24:blockwise_paddy_AYP_2023_24; earas_2023_24:dist_paddy_AYP_2023-24; earas_2023_24:distwise_minor_crop_AYP_2023-24; earas_report_2022_23:district_tables; earas_report_2023_24:district_tables; earas_report_2024_25:table_1.1; earas_report_2024_25:tables_5.x; price_stats_2020_pdf,771,OD03,district,BALASORE,Balasore
Baragarh,9,OES_2026:Table 5. 8; OES_2026:Table 6.7; OES_2026:Table 9.5; district_at_a_glance_2026; earas_2022_23:blockwise_paddy_AYP_2022-23; earas_2023_24:blockwise_LUS_2023_24; earas_2023_24:blockwise_paddy_AYP_2023_24; earas_report_2022_23:district_tables; earas_report_2023_24:district_tables,281,OD04,district,BARAGARH,Bargarh
Bargarh,13,OES_2026:Table 3.13; OES_2026:Table 3.2; OES_2026:Table 3.20; OES_2026:Table 3.4; OES_2026:Table 3.6; OES_2026:Table 6.2; earas_2023_24:dist_paddy_AYP_2023-24; earas_2023_24:distwise_minor_crop_AYP_2023-24; earas_report_2022_23:district_tables; earas_report_2023_24:district_tables; earas_report_2024_25:table_1.1; earas_report_2024_25:tables_5.x; price_stats_2020_pdf,492,OD04,district,BARGARH,Bargarh
Bhadrak,19,OES_2026:Table 3.13; OES_2026:Table 3.2; OES_2026:Table 3.20; OES_2026:Table 3.4; OES_2026:Table 3.6; OES_2026:Table 6.2; OES_2026:Table 6.7; OES_2026:Table 9.5; district_at_a_glance_2026; earas_2022_23:blockwise_paddy_AYP_2022-23; earas_2023_24:blockwise_LUS_2023_24; earas_2023_24:blockwise_paddy_AYP_2023_24; earas_2023_24:dist_paddy_AYP_2023-24; earas_2023_24:distwise_minor_crop_AYP_2023-24; earas_report_2022_23:district_tables; earas_report_2023_24:district_tables; earas_report_2024_25:table_1.1; earas_report_2024_25:tables_5.x; price_stats_2020_pdf,679,OD05,district,BHADRAK,Bhadrak
Bolangir,12,OES_2026:Table 3.13; OES_2026:Table 3.2; OES_2026:Table 3.20; OES_2026:Table 3.4; OES_2026:Table 3.6; OES_2026:Table 6.2; OES_2026:Table 9.5; district_at_a_glance_2026; earas_report_2022_23:district_tables; earas_report_2023_24:district_tables; earas_report_2024_25:table_1.1; price_stats_2020_pdf,298,OD02,district,BOLANGIR,Balangir
Bolangiri,1,OES_2026:Table 5. 9,1,OD02,district,BOLANGIRI,Balangir
Boudh,19,OES_2026:Table 3.13; OES_2026:Table 3.2; OES_2026:Table 3.20; OES_2026:Table 3.4; OES_2026:Table 3.6; OES_2026:Table 6.2; OES_2026:Table 6.7; OES_2026:Table 9.5; district_at_a_glance_2026; earas_2022_23:blockwise_paddy_AYP_2022-23; earas_2023_24:blockwise_LUS_2023_24; earas_2023_24:blockwise_paddy_AYP_2023_24; earas_2023_24:dist_paddy_AYP_2023-24; earas_2023_24:distwise_minor_crop_AYP_2023-24; earas_report_2022_23:district_tables; earas_report_2023_24:district_tables; earas_report_2024_25:table_1.1; earas_report_2024_25:tables_5.x; price_stats_2020_pdf,607,OD06,district,BOUDH,Boudh
Boudha,1,OES_2026:Table 5. 8,4,OD06,district,BOUDHA,Boudh
CUTTACK,2,earas_2022_23:blockwise_LUS_202223; earas_2022_23:distwise_minorcrops_AYP2022-23,207,OD07,district,CUTTACK,Cuttack
Cuttack,20,OES_2026:Table 3.13; OES_2026:Table 3.2; OES_2026:Table 3.20; OES_2026:Table 3.4; OES_2026:Table 3.6; OES_2026:Table 5. 8; OES_2026:Table 6.2; OES_2026:Table 6.7; OES_2026:Table 9.5; district_at_a_glance_2026; earas_2022_23:blockwise_paddy_AYP_2022-23; earas_2023_24:blockwise_LUS_2023_24; earas_2023_24:blockwise_paddy_AYP_2023_24; earas_2023_24:dist_paddy_AYP_2023-24; earas_2023_24:distwise_minor_crop_AYP_2023-24; earas_report_2022_23:district_tables; earas_report_2023_24:district_tables; earas_report_2024_25:table_1.1; earas_report_2024_25:tables_5.x; price_stats_2020_pdf,808,OD07,district,CUTTACK,Cuttack
DEOGARH,2,earas_2022_23:blockwise_LUS_202223; earas_2022_23:distwise_minorcrops_AYP2022-23,75,OD08,district,DEOGARH,Deogarh
DHENKANAL,2,earas_2022_23:blockwise_LUS_202223; earas_2022_23:distwise_minorcrops_AYP2022-23,135,OD09,district,DHENKANAL,Dhenkanal
Deogarh,20,OES_2026:Table 3.13; OES_2026:Table 3.2; OES_2026:Table 3.20; OES_2026:Table 3.4; OES_2026:Table 3.6; OES_2026:Table 5. 8; OES_2026:Table 6.2; OES_2026:Table 6.7; OES_2026:Table 9.5; district_at_a_glance_2026; earas_2022_23:blockwise_paddy_AYP_2022-23; earas_2023_24:blockwise_LUS_2023_24; earas_2023_24:blockwise_paddy_AYP_2023_24; earas_2023_24:dist_paddy_AYP_2023-24; earas_2023_24:distwise_minor_crop_AYP_2023-24; earas_report_2022_23:district_tables; earas_report_2023_24:district_tables; earas_report_2024_25:table_1.1; earas_report_2024_25:tables_5.x; price_stats_2020_pdf,610,OD08,district,DEOGARH,Deogarh
Dhenkanal,21,OES_2026:Table 3.13; OES_2026:Table 3.2; OES_2026:Table 3.20; OES_2026:Table 3.4; OES_2026:Table 3.6; OES_2026:Table 5. 8; OES_2026:Table 5. 9; OES_2026:Table 6.2; OES_2026:Table 6.7; OES_2026:Table 9.5; district_at_a_glance_2026; earas_2022_23:blockwise_paddy_AYP_2022-23; earas_2023_24:blockwise_LUS_2023_24; earas_2023_24:blockwise_paddy_AYP_2023_24; earas_2023_24:dist_paddy_AYP_2023-24; earas_2023_24:distwise_minor_crop_AYP_2023-24; earas_report_2022_23:district_tables; earas_report_2023_24:district_tables; earas_report_2024_25:table_1.1; earas_report_2024_25:tables_5.x; price_stats_2020_pdf,703,OD09,district,DHENKANAL,Dhenkanal
GAJAPATI,2,earas_2022_23:blockwise_LUS_202223; earas_2022_23:distwise_minorcrops_AYP2022-23,123,OD10,district,GAJAPATI,Gajapati
GANJAM,2,earas_2022_23:blockwise_LUS_202223; earas_2022_23:distwise_minorcrops_AYP2022-23,303,OD11,district,GANJAM,Ganjam
Gajapati,20,OES_2026:Table 3.13; OES_2026:Table 3.2; OES_2026:Table 3.20; OES_2026:Table 3.4; OES_2026:Table 3.6; OES_2026:Table 5. 8; OES_2026:Table 6.2; OES_2026:Table 6.7; OES_2026:Table 9.5; district_at_a_glance_2026; earas_2022_23:blockwise_paddy_AYP_2022-23; earas_2023_24:blockwise_LUS_2023_24; earas_2023_24:blockwise_paddy_AYP_2023_24; earas_2023_24:dist_paddy_AYP_2023-24; earas_2023_24:distwise_minor_crop_AYP_2023-24; earas_report_2022_23:district_tables; earas_report_2023_24:district_tables; earas_report_2024_25:table_1.1; earas_report_2024_25:tables_5.x; price_stats_2020_pdf,542,OD10,district,GAJAPATI,Gajapati
Gajpati,1,price_stats_2020_pdf,138,OD10,district,GAJPATI,Gajapati
Ganjam,20,OES_2026:Table 3.13; OES_2026:Table 3.2; OES_2026:Table 3.20; OES_2026:Table 3.4; OES_2026:Table 3.6; OES_2026:Table 5. 8; OES_2026:Table 6.2; OES_2026:Table 6.7; OES_2026:Table 9.5; district_at_a_glance_2026; earas_2022_23:blockwise_paddy_AYP_2022-23; earas_2023_24:blockwise_LUS_2023_24; earas_2023_24:blockwise_paddy_AYP_2023_24; earas_2023_24:dist_paddy_AYP_2023-24; earas_2023_24:distwise_minor_crop_AYP_2023-24; earas_report_2022_23:district_tables; earas_report_2023_24:district_tables; earas_report_2024_25:table_1.1; earas_report_2024_25:tables_5.x; price_stats_2020_pdf,952,OD11,district,GANJAM,Ganjam
J.Singhpur,2,earas_report_2022_23:district_tables; earas_report_2023_24:district_tables,2,OD12,district,JSINGHPUR,Jagatsinghpur
JAGATSINGHPUR,2,earas_2022_23:blockwise_LUS_202223; earas_2022_23:distwise_minorcrops_AYP2022-23,135,OD12,district,JAGATSINGHPUR,Jagatsinghpur
JAJPUR,2,earas_2022_23:blockwise_LUS_202223; earas_2022_23:distwise_minorcrops_AYP2022-23,159,OD13,district,JAJPUR,Jajpur
JHARSUGUDA,2,earas_2022_23:blockwise_LUS_202223; earas_2022_23:distwise_minorcrops_AYP2022-23,99,OD14,district,JHARSUGUDA,Jharsuguda
Jagathsinghpur,1,OES_2026:Table 5. 8,1,OD12,district,JAGATHSINGHPUR,Jagatsinghpur
Jagatsinghpur,18,OES_2026:Table 3.13; OES_2026:Table 3.2; OES_2026:Table 3.20; OES_2026:Table 3.4; OES_2026:Table 3.6; OES_2026:Table 6.2; OES_2026:Table 6.7; district_at_a_glance_2026; earas_2022_23:blockwise_paddy_AYP_2022-23; earas_2023_24:blockwise_LUS_2023_24; earas_2023_24:blockwise_paddy_AYP_2023_24; earas_2023_24:dist_paddy_AYP_2023-24; earas_2023_24:distwise_minor_crop_AYP_2023-24; earas_report_2022_23:district_tables; earas_report_2023_24:district_tables; earas_report_2024_25:table_1.1; earas_report_2024_25:tables_5.x; price_stats_2020_pdf,692,OD12,district,JAGATSINGHPUR,Jagatsinghpur
Jagatsingpur,2,earas_report_2022_23:district_tables; earas_report_2023_24:district_tables,2,OD12,district,JAGATSINGPUR,Jagatsinghpur
Jagatsinpur,1,OES_2026:Table 9.5,1,OD12,district,JAGATSINPUR,Jagatsinghpur
Jajpur,21,OES_2026:Table 3.13; OES_2026:Table 3.2; OES_2026:Table 3.20; OES_2026:Table 3.4; OES_2026:Table 3.6; OES_2026:Table 5. 8; OES_2026:Table 5. 9; OES_2026:Table 6.2; OES_2026:Table 6.7; OES_2026:Table 9.5; district_at_a_glance_2026; earas_2022_23:blockwise_paddy_AYP_2022-23; earas_2023_24:blockwise_LUS_2023_24; earas_2023_24:blockwise_paddy_AYP_2023_24; earas_2023_24:dist_paddy_AYP_2023-24; earas_2023_24:distwise_minor_crop_AYP_2023-24; earas_report_2022_23:district_tables; earas_report_2023_24:district_tables; earas_report_2024_25:table_1.1; earas_report_2024_25:tables_5.x; price_stats_2020_pdf,741,OD13,district,JAJPUR,Jajpur
Jharasuguda,2,earas_report_2022_23:district_tables; earas_report_2023_24:district_tables,4,OD14,district,JHARASUGUDA,Jharsuguda
Jharsuguda,21,OES_2026:Table 3.13; OES_2026:Table 3.2; OES_2026:Table 3.20; OES_2026:Table 3.4; OES_2026:Table 3.6; OES_2026:Table 5. 8; OES_2026:Table 5. 9; OES_2026:Table 6.2; OES_2026:Table 6.7; OES_2026:Table 9.5; district_at_a_glance_2026; earas_2022_23:blockwise_paddy_AYP_2022-23; earas_2023_24:blockwise_LUS_2023_24; earas_2023_24:blockwise_paddy_AYP_2023_24; earas_2023_24:dist_paddy_AYP_2023-24; earas_2023_24:distwise_minor_crop_AYP_2023-24; earas_report_2022_23:district_tables; earas_report_2023_24:district_tables; earas_report_2024_25:table_1.1; earas_report_2024_25:tables_5.x; price_stats_2020_pdf,636,OD14,district,JHARSUGUDA,Jharsuguda
Jharsuguda*,1,price_stats_2020_pdf,6,OD14,district,JHARSUGUDA,Jharsuguda
KALAHANDI,2,earas_2022_23:blockwise_LUS_202223; earas_2022_23:distwise_minorcrops_AYP2022-23,195,OD15,district,KALAHANDI,Kalahandi
KANDHAMAL,2,earas_2022_23:blockwise_LUS_202223; earas_2022_23:distwise_minorcrops_AYP2022-23,183,OD16,district,KANDHAMAL,Kandhamal
KENDRAPARA,2,earas_2022_23:blockwise_LUS_202223; earas_2022_23:distwise_minorcrops_AYP2022-23,147,OD17,district,KENDRAPARA,Kendrapara
KEONJHAR,2,earas_2022_23:blockwise_LUS_202223; earas_2022_23:distwise_minorcrops_AYP2022-23,195,OD18,district,KEONJHAR,Keonjhar
KHURDA,2,earas_2022_23:blockwise_LUS_202223; earas_2022_23:distwise_minorcrops_AYP2022-23,159,OD19,district,KHURDA,Khordha
KORAPUT,2,earas_2022_23:blockwise_LUS_202223; earas_2022_23:distwise_minorcrops_AYP2022-23,207,OD20,district,KORAPUT,Koraput
Kalahandi,20,OES_2026:Table 3.13; OES_2026:Table 3.2; OES_2026:Table 3.20; OES_2026:Table 3.4; OES_2026:Table 3.6; OES_2026:Table 5. 8; OES_2026:Table 6.2; OES_2026:Table 6.7; OES_2026:Table 9.5; district_at_a_glance_2026; earas_2022_23:blockwise_paddy_AYP_2022-23; earas_2023_24:blockwise_LUS_2023_24; earas_2023_24:blockwise_paddy_AYP_2023_24; earas_2023_24:dist_paddy_AYP_2023-24; earas_2023_24:distwise_minor_crop_AYP_2023-24; earas_report_2022_23:district_tables; earas_report_2023_24:district_tables; earas_report_2024_25:table_1.1; earas_report_2024_25:tables_5.x; price_stats_2020_pdf,791,OD15,district,KALAHANDI,Kalahandi
Kandhamal,20,OES_2026:Table 3.13; OES_2026:Table 3.2; OES_2026:Table 3.20; OES_2026:Table 3.4; OES_2026:Table 3.6; OES_2026:Table 5. 8; OES_2026:Table 6.2; OES_2026:Table 6.7; OES_2026:Table 9.5; district_at_a_glance_2026; earas_2022_23:blockwise_paddy_AYP_2022-23; earas_2023_24:blockwise_LUS_2023_24; earas_2023_24:blockwise_paddy_AYP_2023_24; earas_2023_24:dist_paddy_AYP_2023-24; earas_2023_24:distwise_minor_crop_AYP_2023-24; earas_report_2022_23:district_tables; earas_report_2023_24:district_tables; earas_report_2024_25:table_1.1; earas_report_2024_25:tables_5.x; price_stats_2020_pdf,772,OD16,district,KANDHAMAL,Kandhamal
Kendrapada,6,OES_2026:Table 5. 8; earas_2023_24:dist_paddy_AYP_2023-24; earas_2023_24:distwise_minor_crop_AYP_2023-24; earas_report_2022_23:district_tables; earas_report_2023_24:district_tables; earas_report_2024_25:tables_5.x,238,OD17,district,KENDRAPADA,Kendrapara
Kendrapara,16,OES_2026:Table 3.13; OES_2026:Table 3.2; OES_2026:Table 3.20; OES_2026:Table 3.4; OES_2026:Table 3.6; OES_2026:Table 6.2; OES_2026:Table 6.7; OES_2026:Table 9.5; district_at_a_glance_2026; earas_2022_23:blockwise_paddy_AYP_2022-23; earas_2023_24:blockwise_LUS_2023_24; earas_2023_24:blockwise_paddy_AYP_2023_24; earas_report_2022_23:district_tables; earas_report_2023_24:district_tables; earas_report_2024_25:table_1.1; price_stats_2020_pdf,479,OD17,district,KENDRAPARA,Kendrapara
Keonjhar,21,OES_2026:Table 3.13; OES_2026:Table 3.2; OES_2026:Table 3.20; OES_2026:Table 3.4; OES_2026:Table 3.6; OES_2026:Table 5. 8; OES_2026:Table 5. 9; OES_2026:Table 6.2; OES_2026:Table 6.7; OES_2026:Table 9.5; district_at_a_glance_2026; earas_2022_23:blockwise_paddy_AYP_2022-23; earas_2023_24:blockwise_LUS_2023_24; earas_2023_24:blockwise_paddy_AYP_2023_24; earas_2023_24:dist_paddy_AYP_2023-24; earas_2023_24:distwise_minor_crop_AYP_2023-24; earas_report_2022_23:district_tables; earas_report_2023_24:district_tables; earas_report_2024_25:table_1.1; earas_report_2024_25:tables_5.x; price_stats_2020_pdf,797,OD18,district,KEONJHAR,Keonjhar
Keunjhor,2,earas_report_2022_23:district_tables; earas_report_2023_24:district_tables,4,OD18,district,KEUNJHOR,Keonjhar
Khordha,7,OES_2026:Table 3.13; OES_2026:Table 3.2; OES_2026:Table 3.20; OES_2026:Table 3.4; OES_2026:Table 3.6; OES_2026:Table 5. 8; OES_2026:Table 6.2,8,OD19,district,KHORDHA,Khordha
Khurda,13,OES_2026:Table 6.7; OES_2026:Table 9.5; district_at_a_glance_2026; earas_2022_23:blockwise_paddy_AYP_2022-23; earas_2023_24:blockwise_LUS_2023_24; earas_2023_24:blockwise_paddy_AYP_2023_24; earas_2023_24:dist_paddy_AYP_2023-24; earas_2023_24:distwise_minor_crop_AYP_2023-24; earas_report_2022_23:district_tables; earas_report_2023_24:district_tables; earas_report_2024_25:table_1.1; earas_report_2024_25:tables_5.x; price_stats_2020_pdf,727,OD19,district,KHURDA,Khordha
Koraput,21,OES_2026:Table 3.13; OES_2026:Table 3.2; OES_2026:Table 3.20; OES_2026:Table 3.4; OES_2026:Table 3.6; OES_2026:Table 5. 8; OES_2026:Table 5. 9; OES_2026:Table 6.2; OES_2026:Table 6.7; OES_2026:Table 9.5; district_at_a_glance_2026; earas_2022_23:blockwise_paddy_AYP_2022-23; earas_2023_24:blockwise_LUS_2023_24; earas_2023_24:blockwise_paddy_AYP_2023_24; earas_2023_24:dist_paddy_AYP_2023-24; earas_2023_24:distwise_minor_crop_AYP_2023-24; earas_report_2022_23:district_tables; earas_report_2023_24:district_tables; earas_report_2024_25:table_1.1; earas_report_2024_25:tables_5.x; price_stats_2020_pdf,813,OD20,district,KORAPUT,Koraput
MALKANGIRI,2,earas_2022_23:blockwise_LUS_202223; earas_2022_23:distwise_minorcrops_AYP2022-23,123,OD21,district,MALKANGIRI,Malkangiri
MAYURBHANJ,2,earas_2022_23:blockwise_LUS_202223; earas_2022_23:distwise_minorcrops_AYP2022-23,351,OD22,district,MAYURBHANJ,Mayurbhanj
Malakangiri,2,earas_report_2022_23:district_tables; earas_report_2023_24:district_tables,16,OD21,district,MALAKANGIRI,Malkangiri
Malkanagir,2,earas_2022_23:blockwise_paddy_AYP_2022-23; earas_2023_24:blockwise_paddy_AYP_2023_24,48,OD21,district,MALKANAGIR,Malkangiri
Malkanagiri,2,earas_report_2022_23:district_tables; earas_report_2023_24:district_tables,4,OD21,district,MALKANAGIRI,Malkangiri
Malkangiri,18,OES_2026:Table 3.13; OES_2026:Table 3.2; OES_2026:Table 3.20; OES_2026:Table 3.4; OES_2026:Table 3.6; OES_2026:Table 5. 8; OES_2026:Table 6.2; OES_2026:Table 6.7; OES_2026:Table 9.5; district_at_a_glance_2026; earas_2023_24:blockwise_LUS_2023_24; earas_2023_24:dist_paddy_AYP_2023-24; earas_2023_24:distwise_minor_crop_AYP_2023-24; earas_report_2022_23:district_tables; earas_report_2023_24:district_tables; earas_report_2024_25:table_1.1; earas_report_2024_25:tables_5.x; price_stats_2020_pdf,615,OD21,district,MALKANGIRI,Malkangiri
Mayurbhanj,17,OES_2026:Table 3.13; OES_2026:Table 3.2; OES_2026:Table 3.20; OES_2026:Table 3.4; OES_2026:Table 3.6; OES_2026:Table 5. 8; OES_2026:Table 6.2; OES_2026:Table 6.7; OES_2026:Table 9.5; district_at_a_glance_2026; earas_2022_23:blockwise_paddy_AYP_2022-23; earas_2023_24:blockwise_LUS_2023_24; earas_2023_24:blockwise_paddy_AYP_2023_24; earas_report_2022_23:district_tables; earas_report_2023_24:district_tables; earas_report_2024_25:table_1.1; price_stats_2020_pdf,774,OD22,district,MAYURBHANJ,Mayurbhanj
Mayurbhanja,6,OES_2026:Table 5. 9; earas_2023_24:dist_paddy_AYP_2023-24; earas_2023_24:distwise_minor_crop_AYP_2023-24; earas_report_2022_23:district_tables; earas_report_2023_24:district_tables; earas_report_2024_25:tables_5.x,257,OD22,district,MAYURBHANJA,Mayurbhanj
NAWARANGPUR,1,earas_2022_23:distwise_minorcrops_AYP2022-23,27,OD23,district,NAWARANGPUR,Nabarangpur
NAYAGARH,2,earas_2022_23:blockwise_LUS_202223; earas_2022_23:distwise_minorcrops_AYP2022-23,135,OD24,district,NAYAGARH,Nayagarh
NOWARAGPUR,1,earas_2022_23:blockwise_LUS_202223,132,OD23,district,NOWARAGPUR,Nabarangpur
NUAPADA,2,earas_2022_23:blockwise_LUS_202223; earas_2022_23:distwise_minorcrops_AYP2022-23,99,OD25,district,NUAPADA,Nuapada
Nabarangapur,1,price_stats_2020_pdf,210,OD23,district,NABARANGAPUR,Nabarangpur
Nabarangpur,6,OES_2026:Table 3.13; OES_2026:Table 3.2; OES_2026:Table 3.20; OES_2026:Table 3.6; OES_2026:Table 6.2; district_at_a_glance_2026,6,OD23,district,NABARANGPUR,Nabarangpur
Nabrangpur,2,OES_2026:Table 3.4; OES_2026:Table 5. 8,6,OD23,district,NABRANGPUR,Nabarangpur
Nawarangpur,6,OES_2026:Table 6.7; OES_2026:Table 9.5; earas_2023_24:distwise_minor_crop_AYP_2023-24; earas_report_2022_23:district_tables; earas_report_2023_24:district_tables; earas_report_2024_25:tables_5.x,228,OD23,district,NAWARANGPUR,Nabarangpur
Nawrangpur,4,earas_2023_24:dist_paddy_AYP_2023-24; earas_report_2022_23:district_tables; earas_report_2023_24:district_tables; earas_report_2024_25:tables_5.x,28,OD23,district,NAWRANGPUR,Nabarangpur
Nayagada,6,OES_2026:Table 5. 8; earas_2023_24:dist_paddy_AYP_2023-24; earas_2023_24:distwise_minor_crop_AYP_2023-24; earas_report_2022_23:district_tables; earas_report_2023_24:district_tables; earas_report_2024_25:tables_5.x,238,OD24,district,NAYAGADA,Nayagarh
Nayagarh,16,OES_2026:Table 3.13; OES_2026:Table 3.2; OES_2026:Table 3.20; OES_2026:Table 3.4; OES_2026:Table 3.6; OES_2026:Table 6.2; OES_2026:Table 6.7; OES_2026:Table 9.5; district_at_a_glance_2026; earas_2022_23:blockwise_paddy_AYP_2022-23; earas_2023_24:blockwise_LUS_2023_24; earas_2023_24:blockwise_paddy_AYP_2023_24; earas_report_2022_23:district_tables; earas_report_2023_24:district_tables; earas_report_2024_25:table_1.1; price_stats_2020_pdf,461,OD24,district,NAYAGARH,Nayagarh
Nowaragpur,1,earas_2023_24:blockwise_LUS_2023_24,132,OD23,district,NOWARAGPUR,Nabarangpur
Nowarangpur,5,earas_2022_23:blockwise_paddy_AYP_2022-23; earas_2023_24:blockwise_paddy_AYP_2023_24; earas_report_2022_23:district_tables; earas_report_2023_24:district_tables; earas_report_2024_25:table_1.1,112,OD23,district,NOWARANGPUR,Nabarangpur
Nowrangapur,2,earas_report_2022_23:district_tables; earas_report_2023_24:district_tables,16,OD23,district,NOWRANGAPUR,Nabarangpur
Nuapada,20,OES_2026:Table 3.13; OES_2026:Table 3.2; OES_2026:Table 3.20; OES_2026:Table 3.4; OES_2026:Table 3.6; OES_2026:Table 5. 8; OES_2026:Table 6.2; OES_2026:Table 6.7; OES_2026:Table 9.5; district_at_a_glance_2026; earas_2022_23:blockwise_paddy_AYP_2022-23; earas_2023_24:blockwise_LUS_2023_24; earas_2023_24:blockwise_paddy_AYP_2023_24; earas_2023_24:dist_paddy_AYP_2023-24; earas_2023_24:distwise_minor_crop_AYP_2023-24; earas_report_2022_23:district_tables; earas_report_2023_24:district_tables; earas_report_2024_25:table_1.1; earas_report_2024_25:tables_5.x; price_stats_2020_pdf,479,OD25,district,NUAPADA,Nuapada
Nuapara,3,earas_report_2022_23:district_tables; earas_report_2023_24:district_tables; price_stats_2020_pdf,166,OD25,district,NUAPARA,Nuapada
PURI,2,earas_2022_23:blockwise_LUS_202223; earas_2022_23:distwise_minorcrops_AYP2022-23,171,OD26,district,PURI,Puri
Puri,20,OES_2026:Table 3.13; OES_2026:Table 3.2; OES_2026:Table 3.20; OES_2026:Table 3.4; OES_2026:Table 3.6; OES_2026:Table 5. 8; OES_2026:Table 6.2; OES_2026:Table 6.7; OES_2026:Table 9.5; district_at_a_glance_2026; earas_2022_23:blockwise_paddy_AYP_2022-23; earas_2023_24:blockwise_LUS_2023_24; earas_2023_24:blockwise_paddy_AYP_2023_24; earas_2023_24:dist_paddy_AYP_2023-24; earas_2023_24:distwise_minor_crop_AYP_2023-24; earas_report_2022_23:district_tables; earas_report_2023_24:district_tables; earas_report_2024_25:table_1.1; earas_report_2024_25:tables_5.x; price_stats_2020_pdf,752,OD26,district,PURI,Puri
RAYAGADA,1,earas_2022_23:blockwise_LUS_202223,144,OD27,district,RAYAGADA,Rayagada
RAYGADA,1,earas_2022_23:distwise_minorcrops_AYP2022-23,27,OD27,district,RAYGADA,Rayagada
Rayagada,18,OES_2026:Table 3.13; OES_2026:Table 3.2; OES_2026:Table 3.20; OES_2026:Table 3.4; OES_2026:Table 3.6; OES_2026:Table 5. 8; OES_2026:Table 5. 9; OES_2026:Table 6.2; OES_2026:Table 6.7; OES_2026:Table 9.5; district_at_a_glance_2026; earas_2022_23:blockwise_paddy_AYP_2022-23; earas_2023_24:blockwise_LUS_2023_24; earas_2023_24:blockwise_paddy_AYP_2023_24; earas_report_2022_23:district_tables; earas_report_2023_24:district_tables; earas_report_2024_25:table_1.1; price_stats_2020_pdf,516,OD27,district,RAYAGADA,Rayagada
Rayagarh,2,earas_report_2022_23:district_tables; earas_report_2023_24:district_tables,4,OD27,district,RAYAGARH,Rayagada
Raygada,5,earas_2023_24:dist_paddy_AYP_2023-24; earas_2023_24:distwise_minor_crop_AYP_2023-24; earas_report_2022_23:district_tables; earas_report_2023_24:district_tables; earas_report_2024_25:tables_5.x,236,OD27,district,RAYGADA,Rayagada
SAMBALPUR,2,earas_2022_23:blockwise_LUS_202223; earas_2022_23:distwise_minorcrops_AYP2022-23,147,OD28,district,SAMBALPUR,Sambalpur
SUBARNAPUR,2,earas_2022_23:blockwise_LUS_202223; earas_2022_23:distwise_minorcrops_AYP2022-23,111,OD29,district,SUBARNAPUR,Subarnapur
SUNDARGARH,2,earas_2022_23:blockwise_LUS_202223; earas_2022_23:distwise_minorcrops_AYP2022-23,243,OD30,district,SUNDARGARH,Sundargarh
Sambalpur,21,OES_2026:Table 3.13; OES_2026:Table 3.2; OES_2026:Table 3.20; OES_2026:Table 3.4; OES_2026:Table 3.6; OES_2026:Table 5. 8; OES_2026:Table 5. 9; OES_2026:Table 6.2; OES_2026:Table 6.7; OES_2026:Table 9.5; district_at_a_glance_2026; earas_2022_23:blockwise_paddy_AYP_2022-23; earas_2023_24:blockwise_LUS_2023_24; earas_2023_24:blockwise_paddy_AYP_2023_24; earas_2023_24:dist_paddy_AYP_2023-24; earas_2023_24:distwise_minor_crop_AYP_2023-24; earas_report_2022_23:district_tables; earas_report_2023_24:district_tables; earas_report_2024_25:table_1.1; earas_report_2024_25:tables_5.x; price_stats_2020_pdf,724,OD28,district,SAMBALPUR,Sambalpur
Sonepur,6,OES_2026:Table 9.5; earas_2023_24:dist_paddy_AYP_2023-24; earas_report_2022_23:district_tables; earas_report_2023_24:district_tables; earas_report_2024_25:tables_5.x; price_stats_2020_pdf,241,OD29,district,SONEPUR,Subarnapur
Subarnapur,17,OES_2026:Table 3.13; OES_2026:Table 3.2; OES_2026:Table 3.20; OES_2026:Table 3.4; OES_2026:Table 3.6; OES_2026:Table 5. 8; OES_2026:Table 6.2; OES_2026:Table 6.7; district_at_a_glance_2026; earas_2022_23:blockwise_paddy_AYP_2022-23; earas_2023_24:blockwise_LUS_2023_24; earas_2023_24:blockwise_paddy_AYP_2023_24; earas_2023_24:distwise_minor_crop_AYP_2023-24; earas_report_2022_23:district_tables; earas_report_2023_24:district_tables; earas_report_2024_25:table_1.1; earas_report_2024_25:tables_5.x,406,OD29,district,SUBARNAPUR,Subarnapur
Subarnpur,3,earas_2023_24:distwise_minor_crop_AYP_2023-24; earas_report_2023_24:district_tables; earas_report_2024_25:tables_5.x,16,OD29,district,SUBARNPUR,Subarnapur
Sundargarh,21,OES_2026:Table 3.13; OES_2026:Table 3.2; OES_2026:Table 3.20; OES_2026:Table 3.4; OES_2026:Table 3.6; OES_2026:Table 5. 8; OES_2026:Table 5. 9; OES_2026:Table 6.2; OES_2026:Table 6.7; OES_2026:Table 9.5; district_at_a_glance_2026; earas_2022_23:blockwise_paddy_AYP_2022-23; earas_2023_24:blockwise_LUS_2023_24; earas_2023_24:blockwise_paddy_AYP_2023_24; earas_2023_24:dist_paddy_AYP_2023-24; earas_2023_24:distwise_minor_crop_AYP_2023-24; earas_report_2022_23:district_tables; earas_report_2023_24:district_tables; earas_report_2024_25:table_1.1; earas_report_2024_25:tables_5.x; price_stats_2020_pdf,851,OD30,district,SUNDARGARH,Sundargarh
Sundergarh,2,earas_report_2022_23:district_tables; earas_report_2023_24:district_tables,20,OD30,district,SUNDERGARH,Sundargarh
*Area figure calculated without normalization factor.,1,OES_2026:Table 3.20,1,,not_a_district_label,AREAFIGURECALCULATEDWITHOUTNORMALIZATIONFACTOR,
Artisan grade stone,1,OES_2026:Table 5. 8,1,,not_a_district_label,ARTISANGRADESTONE,
Balangir-Bargarh,1,OES_2026:Table 5. 8,1,,not_a_district_label,BALANGIRBARGARH,
Biri,1,earas_report_2022_23:district_tables,2,,not_a_district_label,BIRI,
Groundnu,1,earas_report_2022_23:district_tables,1,,not_a_district_label,GROUNDNU,
Groundnut,1,earas_report_2022_23:district_tables,1,,not_a_district_label,GROUNDNUT,
"Jharsuguda, Sambalpur & Anugul, Dhenkanal, Deogarh",1,OES_2026:Table 5. 8,1,,not_a_district_label,JHARSUGUDASAMBALPURANUGULDHENKANALDEOGARH,
Jute,1,earas_report_2022_23:district_tables,2,,not_a_district_label,JUTE,
Kalahandi-Rayagada,1,OES_2026:Table 5. 8,1,,not_a_district_label,KALAHANDIRAYAGADA,
Kulthi,1,earas_report_2022_23:district_tables,2,,not_a_district_label,KULTHI,
Maize,1,earas_report_2022_23:district_tables,2,,not_a_district_label,MAIZE,
Mung,1,earas_report_2022_23:district_tables,2,,not_a_district_label,MUNG,
Mustard,1,earas_report_2022_23:district_tables,1,,not_a_district_label,MUSTARD,
Niger,1,earas_report_2022_23:district_tables,2,,not_a_district_label,NIGER,
Paddy,1,earas_report_2022_23:district_tables,2,,not_a_district_label,PADDY,
Potato,1,earas_report_2022_23:district_tables,2,,not_a_district_label,POTATO,
Ragi,1,earas_report_2022_23:district_tables,2,,not_a_district_label,RAGI,
"Source: Directorate of Agriculture and Food Production, Odisha & Directorate of Horticulture, Odisha",1,OES_2026:Table 3.6,1,,not_a_district_label,SOURCEDIRECTORATEOFAGRICULTUREANDFOODPRODUCTIONODISHADIRECTORATEOFHORTICULTUREODISHA,
"Source: Directorate of Agriculture and food production, Government of Odisha",1,OES_2026:Table 3.13,1,,not_a_district_label,SOURCEDIRECTORATEOFAGRICULTUREANDFOODPRODUCTIONGOVERNMENTOFODISHA,
"Source: India State of Forest Report,2023, Government of India",1,OES_2026:Table 3.20,1,,not_a_district_label,SOURCEINDIASTATEOFFORESTREPORTGOVERNMENTOFINDIA,
Sugarcan,1,earas_report_2022_23:district_tables,1,,not_a_district_label,SUGARCAN,
Sugarcane,1,earas_report_2022_23:district_tables,1,,not_a_district_label,SUGARCANE,
Til,1,earas_report_2022_23:district_tables,2,,not_a_district_label,TIL,
Wheat,1,earas_report_2022_23:district_tables,2,,not_a_district_label,WHEAT,
i.e.,1,earas_report_2023_24:district_tables,1,,not_a_district_label,IE,
Grand Total,1,OES_2026:Table 3.20,1,OD00,state_total,GRANDTOTAL,
ORISSA  STATE,1,earas_2022_23:distwise_minorcrops_AYP2022-23,27,OD00,state_total,ORISSASTATE,
Odisha,2,OES_2026:Table 3.13; district_at_a_glance_2026,2,OD00,state_total,ODISHA,
STATE,2,earas_report_2024_25:table_1.1; earas_report_2024_25:tables_5.x,198,OD00,state_total,STATE,
TOTAL,2,OES_2026:Table 3.2; OES_2026:Table 3.6,2,OD00,state_total,TOTAL,
Total,1,OES_2026:Table 5. 9,1,OD00,state_total,TOTAL,
tMustard,1,earas_report_2022_23:district_tables,1,,unmatched_report_text,TMUSTARD,
