name_as_published,n_sources,sources,occurrences
*Area figure calculated without normalization factor.,1,OES_2026:Table 3.20,1
ANGUL,1,earas_2022_23:blockwise_LUS_202223,108
ANUGUL,1,earas_2022_23:distwise_minorcrops_AYP2022-23,27
Angul,20,OES_2026:Table 3.13; OES_2026:Table 3.2; OES_2026:Table 3.20; OES_2026:Table 3.4; OES_2026:Table 3.6; OES_2026:Table 5. 9; OES_2026:Table 6.2; OES_2026:Table 6.7; OES_2026:Table 9.5; district_at_a_glance_2026; earas_2022_23:blockwise_paddy_AYP_2022-23; earas_2023_24:blockwise_LUS_2023_24; earas_2023_24:blockwise_paddy_AYP_2023_24; earas_2023_24:dist_paddy_AYP_2023-24; earas_2023_24:distwise_minor_crop_AYP_2023-24; earas_report_2022_23:district_tables; earas_report_2023_24:district_tables; earas_report_2024_25:table_1.1; earas_report_2024_25:tables_5.x; price_stats_2020_pdf,682
Anugul,3,OES_2026:Table 5. 8; earas_report_2022_23:district_tables; earas_report_2023_24:district_tables,19
Artisan grade stone,1,OES_2026:Table 5. 8,1
BALANGIR,2,earas_2022_23:blockwise_LUS_202223; earas_2022_23:distwise_minorcrops_AYP2022-23,207
BALASORE,2,earas_2022_23:blockwise_LUS_202223; earas_2022_23:distwise_minorcrops_AYP2022-23,183
BARAGARH,1,earas_2022_23:blockwise_LUS_202223,156
BARGARH,1,earas_2022_23:distwise_minorcrops_AYP2022-23,27
BHADRAK,2,earas_2022_23:blockwise_LUS_202223; earas_2022_23:distwise_minorcrops_AYP2022-23,123
BOUDH,2,earas_2022_23:blockwise_LUS_202223; earas_2022_23:distwise_minorcrops_AYP2022-23,75
Balangir,10,OES_2026:Table 5. 8; OES_2026:Table 6.7; earas_2022_23:blockwise_paddy_AYP_2022-23; earas_2023_24:blockwise_LUS_2023_24; earas_2023_24:blockwise_paddy_AYP_2023_24; earas_2023_24:dist_paddy_AYP_2023-24; earas_2023_24:distwise_minor_crop_AYP_2023-24; earas_report_2022_23:district_tables; earas_report_2023_24:district_tables; earas_report_2024_25:tables_5.x,513
Balangir-Bargarh,1,OES_2026:Table 5. 8,1
Balasore,20,OES_2026:Table 3.13; OES_2026:Table 3.2; OES_2026:Table 3.20; OES_2026:Table 3.4; OES_2026:Table 3.6; OES_2026:Table 5. 8; OES_2026:Table 6.2; OES_2026:Table 6.7; OES_2026:Table 9.5; district_at_a_glance_2026; earas_2022_23:blockwise_paddy_AYP_2022-23; earas_2023_24:blockwise_LUS_2023_24; earas_2023_24:blockwise_paddy_AYP_2023_24; earas_2023_24:dist_paddy_AYP_2023-24; earas_2023_24:distwise_minor_crop_AYP_2023-24; earas_report_2022_23:district_tables; earas_report_2023_24:district_tables; earas_report_2024_25:table_1.1; earas_report_2024_25:tables_5.x; price_stats_2020_pdf,771
Baragarh,9,OES_2026:Table 5. 8; OES_2026:Table 6.7; OES_2026:Table 9.5; district_at_a_glance_2026; earas_2022_23:blockwise_paddy_AYP_2022-23; earas_2023_24:blockwise_LUS_2023_24; earas_2023_24:blockwise_paddy_AYP_2023_24; earas_report_2022_23:district_tables; earas_report_2023_24:district_tables,281
Bargarh,13,OES_2026:Table 3.13; OES_2026:Table 3.2; OES_2026:Table 3.20; OES_2026:Table 3.4; OES_2026:Table 3.6; OES_2026:Table 6.2; earas_2023_24:dist_paddy_AYP_2023-24; earas_2023_24:distwise_minor_crop_AYP_2023-24; earas_report_2022_23:district_tables; earas_report_2023_24:district_tables; earas_report_2024_25:table_1.1; earas_report_2024_25:tables_5.x; price_stats_2020_pdf,492
Bhadrak,19,OES_2026:Table 3.13; OES_2026:Table 3.2; OES_2026:Table 3.20; OES_2026:Table 3.4; OES_2026:Table 3.6; OES_2026:Table 6.2; OES_2026:Table 6.7; OES_2026:Table 9.5; district_at_a_glance_2026; earas_2022_23:blockwise_paddy_AYP_2022-23; earas_2023_24:blockwise_LUS_2023_24; earas_2023_24:blockwise_paddy_AYP_2023_24; earas_2023_24:dist_paddy_AYP_2023-24; earas_2023_24:distwise_minor_crop_AYP_2023-24; earas_report_2022_23:district_tables; earas_report_2023_24:district_tables; earas_report_2024_25:table_1.1; earas_report_2024_25:tables_5.x; price_stats_2020_pdf,679
Biri,1,earas_report_2022_23:district_tables,2
Bolangir,12,OES_2026:Table 3.13; OES_2026:Table 3.2; OES_2026:Table 3.20; OES_2026:Table 3.4; OES_2026:Table 3.6; OES_2026:Table 6.2; OES_2026:Table 9.5; district_at_a_glance_2026; earas_report_2022_23:district_tables; earas_report_2023_24:district_tables; earas_report_2024_25:table_1.1; price_stats_2020_pdf,298
Bolangiri,1,OES_2026:Table 5. 9,1
Boudh,19,OES_2026:Table 3.13; OES_2026:Table 3.2; OES_2026:Table 3.20; OES_2026:Table 3.4; OES_2026:Table 3.6; OES_2026:Table 6.2; OES_2026:Table 6.7; OES_2026:Table 9.5; district_at_a_glance_2026; earas_2022_23:blockwise_paddy_AYP_2022-23; earas_2023_24:blockwise_LUS_2023_24; earas_2023_24:blockwise_paddy_AYP_2023_24; earas_2023_24:dist_paddy_AYP_2023-24; earas_2023_24:distwise_minor_crop_AYP_2023-24; earas_report_2022_23:district_tables; earas_report_2023_24:district_tables; earas_report_2024_25:table_1.1; earas_report_2024_25:tables_5.x; price_stats_2020_pdf,607
Boudha,1,OES_2026:Table 5. 8,4
CUTTACK,2,earas_2022_23:blockwise_LUS_202223; earas_2022_23:distwise_minorcrops_AYP2022-23,207
Cuttack,20,OES_2026:Table 3.13; OES_2026:Table 3.2; OES_2026:Table 3.20; OES_2026:Table 3.4; OES_2026:Table 3.6; OES_2026:Table 5. 8; OES_2026:Table 6.2; OES_2026:Table 6.7; OES_2026:Table 9.5; district_at_a_glance_2026; earas_2022_23:blockwise_paddy_AYP_2022-23; earas_2023_24:blockwise_LUS_2023_24; earas_2023_24:blockwise_paddy_AYP_2023_24; earas_2023_24:dist_paddy_AYP_2023-24; earas_2023_24:distwise_minor_crop_AYP_2023-24; earas_report_2022_23:district_tables; earas_report_2023_24:district_tables; earas_report_2024_25:table_1.1; earas_report_2024_25:tables_5.x; price_stats_2020_pdf,808
DEOGARH,2,earas_2022_23:blockwise_LUS_202223; earas_2022_23:distwise_minorcrops_AYP2022-23,75
DHENKANAL,2,earas_2022_23:blockwise_LUS_202223; earas_2022_23:distwise_minorcrops_AYP2022-23,135
Deogarh,20,OES_2026:Table 3.13; OES_2026:Table 3.2; OES_2026:Table 3.20; OES_2026:Table 3.4; OES_2026:Table 3.6; OES_2026:Table 5. 8; OES_2026:Table 6.2; OES_2026:Table 6.7; OES_2026:Table 9.5; district_at_a_glance_2026; earas_2022_23:blockwise_paddy_AYP_2022-23; earas_2023_24:blockwise_LUS_2023_24; earas_2023_24:blockwise_paddy_AYP_2023_24; earas_2023_24:dist_paddy_AYP_2023-24; earas_2023_24:distwise_minor_crop_AYP_2023-24; earas_report_2022_23:district_tables; earas_report_2023_24:district_tables; earas_report_2024_25:table_1.1; earas_report_2024_25:tables_5.x; price_stats_2020_pdf,610
Dhenkanal,21,OES_2026:Table 3.13; OES_2026:Table 3.2; OES_2026:Table 3.20; OES_2026:Table 3.4; OES_2026:Table 3.6; OES_2026:Table 5. 8; OES_2026:Table 5. 9; OES_2026:Table 6.2; OES_2026:Table 6.7; OES_2026:Table 9.5; district_at_a_glance_2026; earas_2022_23:blockwise_paddy_AYP_2022-23; earas_2023_24:blockwise_LUS_2023_24; earas_2023_24:blockwise_paddy_AYP_2023_24; earas_2023_24:dist_paddy_AYP_2023-24; earas_2023_24:distwise_minor_crop_AYP_2023-24; earas_report_2022_23:district_tables; earas_report_2023_24:district_tables; earas_report_2024_25:table_1.1; earas_report_2024_25:tables_5.x; price_stats_2020_pdf,703
GAJAPATI,2,earas_2022_23:blockwise_LUS_202223; earas_2022_23:distwise_minorcrops_AYP2022-23,123
GANJAM,2,earas_2022_23:blockwise_LUS_202223; earas_2022_23:distwise_minorcrops_AYP2022-23,303
Gajapati,20,OES_2026:Table 3.13; OES_2026:Table 3.2; OES_2026:Table 3.20; OES_2026:Table 3.4; OES_2026:Table 3.6; OES_2026:Table 5. 8; OES_2026:Table 6.2; OES_2026:Table 6.7; OES_2026:Table 9.5; district_at_a_glance_2026; earas_2022_23:blockwise_paddy_AYP_2022-23; earas_2023_24:blockwise_LUS_2023_24; earas_2023_24:blockwise_paddy_AYP_2023_24; earas_2023_24:dist_paddy_AYP_2023-24; earas_2023_24:distwise_minor_crop_AYP_2023-24; earas_report_2022_23:district_tables; earas_report_2023_24:district_tables; earas_report_2024_25:table_1.1; earas_report_2024_25:tables_5.x; price_stats_2020_pdf,542
Gajpati,1,price_stats_2020_pdf,138
Ganjam,20,OES_2026:Table 3.13; OES_2026:Table 3.2; OES_2026:Table 3.20; OES_2026:Table 3.4; OES_2026:Table 3.6; OES_2026:Table 5. 8; OES_2026:Table 6.2; OES_2026:Table 6.7; OES_2026:Table 9.5; district_at_a_glance_2026; earas_2022_23:blockwise_paddy_AYP_2022-23; earas_2023_24:blockwise_LUS_2023_24; earas_2023_24:blockwise_paddy_AYP_2023_24; earas_2023_24:dist_paddy_AYP_2023-24; earas_2023_24:distwise_minor_crop_AYP_2023-24; earas_report_2022_23:district_tables; earas_report_2023_24:district_tables; earas_report_2024_25:table_1.1; earas_report_2024_25:tables_5.x; price_stats_2020_pdf,952
Grand Total,1,OES_2026:Table 3.20,1
Groundnu,1,earas_report_2022_23:district_tables,1
Groundnut,1,earas_report_2022_23:district_tables,1
J.Singhpur,2,earas_report_2022_23:district_tables; earas_report_2023_24:district_tables,2
JAGATSINGHPUR,2,earas_2022_23:blockwise_LUS_202223; earas_2022_23:distwise_minorcrops_AYP2022-23,135
JAJPUR,2,earas_2022_23:blockwise_LUS_202223; earas_2022_23:distwise_minorcrops_AYP2022-23,159
JHARSUGUDA,2,earas_2022_23:blockwise_LUS_202223; earas_2022_23:distwise_minorcrops_AYP2022-23,99
Jagathsinghpur,1,OES_2026:Table 5. 8,1
Jagatsinghpur,18,OES_2026:Table 3.13; OES_2026:Table 3.2; OES_2026:Table 3.20; OES_2026:Table 3.4; OES_2026:Table 3.6; OES_2026:Table 6.2; OES_2026:Table 6.7; district_at_a_glance_2026; earas_2022_23:blockwise_paddy_AYP_2022-23; earas_2023_24:blockwise_LUS_2023_24; earas_2023_24:blockwise_paddy_AYP_2023_24; earas_2023_24:dist_paddy_AYP_2023-24; earas_2023_24:distwise_minor_crop_AYP_2023-24; earas_report_2022_23:district_tables; earas_report_2023_24:district_tables; earas_report_2024_25:table_1.1; earas_report_2024_25:tables_5.x; price_stats_2020_pdf,692
Jagatsingpur,2,earas_report_2022_23:district_tables; earas_report_2023_24:district_tables,2
Jagatsinpur,1,OES_2026:Table 9.5,1
Jajpur,21,OES_2026:Table 3.13; OES_2026:Table 3.2; OES_2026:Table 3.20; OES_2026:Table 3.4; OES_2026:Table 3.6; OES_2026:Table 5. 8; OES_2026:Table 5. 9; OES_2026:Table 6.2; OES_2026:Table 6.7; OES_2026:Table 9.5; district_at_a_glance_2026; earas_2022_23:blockwise_paddy_AYP_2022-23; earas_2023_24:blockwise_LUS_2023_24; earas_2023_24:blockwise_paddy_AYP_2023_24; earas_2023_24:dist_paddy_AYP_2023-24; earas_2023_24:distwise_minor_crop_AYP_2023-24; earas_report_2022_23:district_tables; earas_report_2023_24:district_tables; earas_report_2024_25:table_1.1; earas_report_2024_25:tables_5.x; price_stats_2020_pdf,741
Jharasuguda,2,earas_report_2022_23:district_tables; earas_report_2023_24:district_tables,4
Jharsuguda,21,OES_2026:Table 3.13; OES_2026:Table 3.2; OES_2026:Table 3.20; OES_2026:Table 3.4; OES_2026:Table 3.6; OES_2026:Table 5. 8; OES_2026:Table 5. 9; OES_2026:Table 6.2; OES_2026:Table 6.7; OES_2026:Table 9.5; district_at_a_glance_2026; earas_2022_23:blockwise_paddy_AYP_2022-23; earas_2023_24:blockwise_LUS_2023_24; earas_2023_24:blockwise_paddy_AYP_2023_24; earas_2023_24:dist_paddy_AYP_2023-24; earas_2023_24:distwise_minor_crop_AYP_2023-24; earas_report_2022_23:district_tables; earas_report_2023_24:district_tables; earas_report_2024_25:table_1.1; earas_report_2024_25:tables_5.x; price_stats_2020_pdf,636
Jharsuguda*,1,price_stats_2020_pdf,6
"Jharsuguda, Sambalpur & Anugul, Dhenkanal, Deogarh",1,OES_2026:Table 5. 8,1
Jute,1,earas_report_2022_23:district_tables,2
KALAHANDI,2,earas_2022_23:blockwise_LUS_202223; earas_2022_23:distwise_minorcrops_AYP2022-23,195
KANDHAMAL,2,earas_2022_23:blockwise_LUS_202223; earas_2022_23:distwise_minorcrops_AYP2022-23,183
KENDRAPARA,2,earas_2022_23:blockwise_LUS_202223; earas_2022_23:distwise_minorcrops_AYP2022-23,147
KEONJHAR,2,earas_2022_23:blockwise_LUS_202223; earas_2022_23:distwise_minorcrops_AYP2022-23,195
KHURDA,2,earas_2022_23:blockwise_LUS_202223; earas_2022_23:distwise_minorcrops_AYP2022-23,159
KORAPUT,2,earas_2022_23:blockwise_LUS_202223; earas_2022_23:distwise_minorcrops_AYP2022-23,207
Kalahandi,20,OES_2026:Table 3.13; OES_2026:Table 3.2; OES_2026:Table 3.20; OES_2026:Table 3.4; OES_2026:Table 3.6; OES_2026:Table 5. 8; OES_2026:Table 6.2; OES_2026:Table 6.7; OES_2026:Table 9.5; district_at_a_glance_2026; earas_2022_23:blockwise_paddy_AYP_2022-23; earas_2023_24:blockwise_LUS_2023_24; earas_2023_24:blockwise_paddy_AYP_2023_24; earas_2023_24:dist_paddy_AYP_2023-24; earas_2023_24:distwise_minor_crop_AYP_2023-24; earas_report_2022_23:district_tables; earas_report_2023_24:district_tables; earas_report_2024_25:table_1.1; earas_report_2024_25:tables_5.x; price_stats_2020_pdf,791
Kalahandi-Rayagada,1,OES_2026:Table 5. 8,1
Kandhamal,20,OES_2026:Table 3.13; OES_2026:Table 3.2; OES_2026:Table 3.20; OES_2026:Table 3.4; OES_2026:Table 3.6; OES_2026:Table 5. 8; OES_2026:Table 6.2; OES_2026:Table 6.7; OES_2026:Table 9.5; district_at_a_glance_2026; earas_2022_23:blockwise_paddy_AYP_2022-23; earas_2023_24:blockwise_LUS_2023_24; earas_2023_24:blockwise_paddy_AYP_2023_24; earas_2023_24:dist_paddy_AYP_2023-24; earas_2023_24:distwise_minor_crop_AYP_2023-24; earas_report_2022_23:district_tables; earas_report_2023_24:district_tables; earas_report_2024_25:table_1.1; earas_report_2024_25:tables_5.x; price_stats_2020_pdf,772
Kendrapada,6,OES_2026:Table 5. 8; earas_2023_24:dist_paddy_AYP_2023-24; earas_2023_24:distwise_minor_crop_AYP_2023-24; earas_report_2022_23:district_tables; earas_report_2023_24:district_tables; earas_report_2024_25:tables_5.x,238
Kendrapara,16,OES_2026:Table 3.13; OES_2026:Table 3.2; OES_2026:Table 3.20; OES_2026:Table 3.4; OES_2026:Table 3.6; OES_2026:Table 6.2; OES_2026:Table 6.7; OES_2026:Table 9.5; district_at_a_glance_2026; earas_2022_23:blockwise_paddy_AYP_2022-23; earas_2023_24:blockwise_LUS_2023_24; earas_2023_24:blockwise_paddy_AYP_2023_24; earas_report_2022_23:district_tables; earas_report_2023_24:district_tables; earas_report_2024_25:table_1.1; price_stats_2020_pdf,479
Keonjhar,21,OES_2026:Table 3.13; OES_2026:Table 3.2; OES_2026:Table 3.20; OES_2026:Table 3.4; OES_2026:Table 3.6; OES_2026:Table 5. 8; OES_2026:Table 5. 9; OES_2026:Table 6.2; OES_2026:Table 6.7; OES_2026:Table 9.5; district_at_a_glance_2026; earas_2022_23:blockwise_paddy_AYP_2022-23; earas_2023_24:blockwise_LUS_2023_24; earas_2023_24:blockwise_paddy_AYP_2023_24; earas_2023_24:dist_paddy_AYP_2023-24; earas_2023_24:distwise_minor_crop_AYP_2023-24; earas_report_2022_23:district_tables; earas_report_2023_24:district_tables; earas_report_2024_25:table_1.1; earas_report_2024_25:tables_5.x; price_stats_2020_pdf,797
Keunjhor,2,earas_report_2022_23:district_tables; earas_report_2023_24:district_tables,4
Khordha,7,OES_2026:Table 3.13; OES_2026:Table 3.2; OES_2026:Table 3.20; OES_2026:Table 3.4; OES_2026:Table 3.6; OES_2026:Table 5. 8; OES_2026:Table 6.2,8
Khurda,13,OES_2026:Table 6.7; OES_2026:Table 9.5; district_at_a_glance_2026; earas_2022_23:blockwise_paddy_AYP_2022-23; earas_2023_24:blockwise_LUS_2023_24; earas_2023_24:blockwise_paddy_AYP_2023_24; earas_2023_24:dist_paddy_AYP_2023-24; earas_2023_24:distwise_minor_crop_AYP_2023-24; earas_report_2022_23:district_tables; earas_report_2023_24:district_tables; earas_report_2024_25:table_1.1; earas_report_2024_25:tables_5.x; price_stats_2020_pdf,727
Koraput,21,OES_2026:Table 3.13; OES_2026:Table 3.2; OES_2026:Table 3.20; OES_2026:Table 3.4; OES_2026:Table 3.6; OES_2026:Table 5. 8; OES_2026:Table 5. 9; OES_2026:Table 6.2; OES_2026:Table 6.7; OES_2026:Table 9.5; district_at_a_glance_2026; earas_2022_23:blockwise_paddy_AYP_2022-23; earas_2023_24:blockwise_LUS_2023_24; earas_2023_24:blockwise_paddy_AYP_2023_24; earas_2023_24:dist_paddy_AYP_2023-24; earas_2023_24:distwise_minor_crop_AYP_2023-24; earas_report_2022_23:district_tables; earas_report_2023_24:district_tables; earas_report_2024_25:table_1.1; earas_report_2024_25:tables_5.x; price_stats_2020_pdf,813
Kulthi,1,earas_report_2022_23:district_tables,2
MALKANGIRI,2,earas_2022_23:blockwise_LUS_202223; earas_2022_23:distwise_minorcrops_AYP2022-23,123
MAYURBHANJ,2,earas_2022_23:blockwise_LUS_202223; earas_2022_23:distwise_minorcrops_AYP2022-23,351
Maize,1,earas_report_2022_23:district_tables,2
Malakangiri,2,earas_report_2022_23:district_tables; earas_report_2023_24:district_tables,16
Malkanagir,2,earas_2022_23:blockwise_paddy_AYP_2022-23; earas_2023_24:blockwise_paddy_AYP_2023_24,48
Malkanagiri,2,earas_report_2022_23:district_tables; earas_report_2023_24:district_tables,4
Malkangiri,18,OES_2026:Table 3.13; OES_2026:Table 3.2; OES_2026:Table 3.20; OES_2026:Table 3.4; OES_2026:Table 3.6; OES_2026:Table 5. 8; OES_2026:Table 6.2; OES_2026:Table 6.7; OES_2026:Table 9.5; district_at_a_glance_2026; earas_2023_24:blockwise_LUS_2023_24; earas_2023_24:dist_paddy_AYP_2023-24; earas_2023_24:distwise_minor_crop_AYP_2023-24; earas_report_2022_23:district_tables; earas_report_2023_24:district_tables; earas_report_2024_25:table_1.1; earas_report_2024_25:tables_5.x; price_stats_2020_pdf,615
Mayurbhanj,17,OES_2026:Table 3.13; OES_2026:Table 3.2; OES_2026:Table 3.20; OES_2026:Table 3.4; OES_2026:Table 3.6; OES_2026:Table 5. 8; OES_2026:Table 6.2; OES_2026:Table 6.7; OES_2026:Table 9.5; district_at_a_glance_2026; earas_2022_23:blockwise_paddy_AYP_2022-23; earas_2023_24:blockwise_LUS_2023_24; earas_2023_24:blockwise_paddy_AYP_2023_24; earas_report_2022_23:district_tables; earas_report_2023_24:district_tables; earas_report_2024_25:table_1.1; price_stats_2020_pdf,774
Mayurbhanja,6,OES_2026:Table 5. 9; earas_2023_24:dist_paddy_AYP_2023-24; earas_2023_24:distwise_minor_crop_AYP_2023-24; earas_report_2022_23:district_tables; earas_report_2023_24:district_tables; earas_report_2024_25:tables_5.x,257
Mung,1,earas_report_2022_23:district_tables,2
Mustard,1,earas_report_2022_23:district_tables,1
NAWARANGPUR,1,earas_2022_23:distwise_minorcrops_AYP2022-23,27
NAYAGARH,2,earas_2022_23:blockwise_LUS_202223; earas_2022_23:distwise_minorcrops_AYP2022-23,135
NOWARAGPUR,1,earas_2022_23:blockwise_LUS_202223,132
NUAPADA,2,earas_2022_23:blockwise_LUS_202223; earas_2022_23:distwise_minorcrops_AYP2022-23,99
Nabarangapur,1,price_stats_2020_pdf,210
Nabarangpur,6,OES_2026:Table 3.13; OES_2026:Table 3.2; OES_2026:Table 3.20; OES_2026:Table 3.6; OES_2026:Table 6.2; district_at_a_glance_2026,6
Nabrangpur,2,OES_2026:Table 3.4; OES_2026:Table 5. 8,6
Nawarangpur,6,OES_2026:Table 6.7; OES_2026:Table 9.5; earas_2023_24:distwise_minor_crop_AYP_2023-24; earas_report_2022_23:district_tables; earas_report_2023_24:district_tables; earas_report_2024_25:tables_5.x,228
Nawrangpur,4,earas_2023_24:dist_paddy_AYP_2023-24; earas_report_2022_23:district_tables; earas_report_2023_24:district_tables; earas_report_2024_25:tables_5.x,28
Nayagada,6,OES_2026:Table 5. 8; earas_2023_24:dist_paddy_AYP_2023-24; earas_2023_24:distwise_minor_crop_AYP_2023-24; earas_report_2022_23:district_tables; earas_report_2023_24:district_tables; earas_report_2024_25:tables_5.x,238
Nayagarh,16,OES_2026:Table 3.13; OES_2026:Table 3.2; OES_2026:Table 3.20; OES_2026:Table 3.4; OES_2026:Table 3.6; OES_2026:Table 6.2; OES_2026:Table 6.7; OES_2026:Table 9.5; district_at_a_glance_2026; earas_2022_23:blockwise_paddy_AYP_2022-23; earas_2023_24:blockwise_LUS_2023_24; earas_2023_24:blockwise_paddy_AYP_2023_24; earas_report_2022_23:district_tables; earas_report_2023_24:district_tables; earas_report_2024_25:table_1.1; price_stats_2020_pdf,461
Niger,1,earas_report_2022_23:district_tables,2
Nowaragpur,1,earas_2023_24:blockwise_LUS_2023_24,132
Nowarangpur,5,earas_2022_23:blockwise_paddy_AYP_2022-23; earas_2023_24:blockwise_paddy_AYP_2023_24; earas_report_2022_23:district_tables; earas_report_2023_24:district_tables; earas_report_2024_25:table_1.1,112
Nowrangapur,2,earas_report_2022_23:district_tables; earas_report_2023_24:district_tables,16
Nuapada,20,OES_2026:Table 3.13; OES_2026:Table 3.2; OES_2026:Table 3.20; OES_2026:Table 3.4; OES_2026:Table 3.6; OES_2026:Table 5. 8; OES_2026:Table 6.2; OES_2026:Table 6.7; OES_2026:Table 9.5; district_at_a_glance_2026; earas_2022_23:blockwise_paddy_AYP_2022-23; earas_2023_24:blockwise_LUS_2023_24; earas_2023_24:blockwise_paddy_AYP_2023_24; earas_2023_24:dist_paddy_AYP_2023-24; earas_2023_24:distwise_minor_crop_AYP_2023-24; earas_report_2022_23:district_tables; earas_report_2023_24:district_tables; earas_report_2024_25:table_1.1; earas_report_2024_25:tables_5.x; price_stats_2020_pdf,479
Nuapara,3,earas_report_2022_23:district_tables; earas_report_2023_24:district_tables; price_stats_2020_pdf,166
ORISSA  STATE,1,earas_2022_23:distwise_minorcrops_AYP2022-23,27
Odisha,2,OES_2026:Table 3.13; district_at_a_glance_2026,2
PURI,2,earas_2022_23:blockwise_LUS_202223; earas_2022_23:distwise_minorcrops_AYP2022-23,171
Paddy,1,earas_report_2022_23:district_tables,2
Potato,1,earas_report_2022_23:district_tables,2
Puri,20,OES_2026:Table 3.13; OES_2026:Table 3.2; OES_2026:Table 3.20; OES_2026:Table 3.4; OES_2026:Table 3.6; OES_2026:Table 5. 8; OES_2026:Table 6.2; OES_2026:Table 6.7; OES_2026:Table 9.5; district_at_a_glance_2026; earas_2022_23:blockwise_paddy_AYP_2022-23; earas_2023_24:blockwise_LUS_2023_24; earas_2023_24:blockwise_paddy_AYP_2023_24; earas_2023_24:dist_paddy_AYP_2023-24; earas_2023_24:distwise_minor_crop_AYP_2023-24; earas_report_2022_23:district_tables; earas_report_2023_24:district_tables; earas_report_2024_25:table_1.1; earas_report_2024_25:tables_5.x; price_stats_2020_pdf,752
RAYAGADA,1,earas_2022_23:blockwise_LUS_202223,144
RAYGADA,1,earas_2022_23:distwise_minorcrops_AYP2022-23,27
Ragi,1,earas_report_2022_23:district_tables,2
Rayagada,18,OES_2026:Table 3.13; OES_2026:Table 3.2; OES_2026:Table 3.20; OES_2026:Table 3.4; OES_2026:Table 3.6; OES_2026:Table 5. 8; OES_2026:Table 5. 9; OES_2026:Table 6.2; OES_2026:Table 6.7; OES_2026:Table 9.5; district_at_a_glance_2026; earas_2022_23:blockwise_paddy_AYP_2022-23; earas_2023_24:blockwise_LUS_2023_24; earas_2023_24:blockwise_paddy_AYP_2023_24; earas_report_2022_23:district_tables; earas_report_2023_24:district_tables; earas_report_2024_25:table_1.1; price_stats_2020_pdf,516
Rayagarh,2,earas_report_2022_23:district_tables; earas_report_2023_24:district_tables,4
Raygada,5,earas_2023_24:dist_paddy_AYP_2023-24; earas_2023_24:distwise_minor_crop_AYP_2023-24; earas_report_2022_23:district_tables; earas_report_2023_24:district_tables; earas_report_2024_25:tables_5.x,236
SAMBALPUR,2,earas_2022_23:blockwise_LUS_202223; earas_2022_23:distwise_minorcrops_AYP2022-23,147
STATE,2,earas_report_2024_25:table_1.1; earas_report_2024_25:tables_5.x,198
SUBARNAPUR,2,earas_2022_23:blockwise_LUS_202223; earas_2022_23:distwise_minorcrops_AYP2022-23,111
SUNDARGARH,2,earas_2022_23:blockwise_LUS_202223; earas_2022_23:distwise_minorcrops_AYP2022-23,243
Sambalpur,21,OES_2026:Table 3.13; OES_2026:Table 3.2; OES_2026:Table 3.20; OES_2026:Table 3.4; OES_2026:Table 3.6; OES_2026:Table 5. 8; OES_2026:Table 5. 9; OES_2026:Table 6.2; OES_2026:Table 6.7; OES_2026:Table 9.5; district_at_a_glance_2026; earas_2022_23:blockwise_paddy_AYP_2022-23; earas_2023_24:blockwise_LUS_2023_24; earas_2023_24:blockwise_paddy_AYP_2023_24; earas_2023_24:dist_paddy_AYP_2023-24; earas_2023_24:distwise_minor_crop_AYP_2023-24; earas_report_2022_23:district_tables; earas_report_2023_24:district_tables; earas_report_2024_25:table_1.1; earas_report_2024_25:tables_5.x; price_stats_2020_pdf,724
Sonepur,6,OES_2026:Table 9.5; earas_2023_24:dist_paddy_AYP_2023-24; earas_report_2022_23:district_tables; earas_report_2023_24:district_tables; earas_report_2024_25:tables_5.x; price_stats_2020_pdf,241
"Source: Directorate of Agriculture and Food Production, Odisha & Directorate of Horticulture, Odisha",1,OES_2026:Table 3.6,1
"Source: Directorate of Agriculture and food production, Government of Odisha",1,OES_2026:Table 3.13,1
"Source: India State of Forest Report,2023, Government of India",1,OES_2026:Table 3.20,1
Subarnapur,17,OES_2026:Table 3.13; OES_2026:Table 3.2; OES_2026:Table 3.20; OES_2026:Table 3.4; OES_2026:Table 3.6; OES_2026:Table 5. 8; OES_2026:Table 6.2; OES_2026:Table 6.7; district_at_a_glance_2026; earas_2022_23:blockwise_paddy_AYP_2022-23; earas_2023_24:blockwise_LUS_2023_24; earas_2023_24:blockwise_paddy_AYP_2023_24; earas_2023_24:distwise_minor_crop_AYP_2023-24; earas_report_2022_23:district_tables; earas_report_2023_24:district_tables; earas_report_2024_25:table_1.1; earas_report_2024_25:tables_5.x,406
Subarnpur,3,earas_2023_24:distwise_minor_crop_AYP_2023-24; earas_report_2023_24:district_tables; earas_report_2024_25:tables_5.x,16
Sugarcan,1,earas_report_2022_23:district_tables,1
Sugarcane,1,earas_report_2022_23:district_tables,1
Sundargarh,21,OES_2026:Table 3.13; OES_2026:Table 3.2; OES_2026:Table 3.20; OES_2026:Table 3.4; OES_2026:Table 3.6; OES_2026:Table 5. 8; OES_2026:Table 5. 9; OES_2026:Table 6.2; OES_2026:Table 6.7; OES_2026:Table 9.5; district_at_a_glance_2026; earas_2022_23:blockwise_paddy_AYP_2022-23; earas_2023_24:blockwise_LUS_2023_24; earas_2023_24:blockwise_paddy_AYP_2023_24; earas_2023_24:dist_paddy_AYP_2023-24; earas_2023_24:distwise_minor_crop_AYP_2023-24; earas_report_2022_23:district_tables; earas_report_2023_24:district_tables; earas_report_2024_25:table_1.1; earas_report_2024_25:tables_5.x; price_stats_2020_pdf,851
Sundergarh,2,earas_report_2022_23:district_tables; earas_report_2023_24:district_tables,20
TOTAL,2,OES_2026:Table 3.2; OES_2026:Table 3.6,2
Til,1,earas_report_2022_23:district_tables,2
Total,1,OES_2026:Table 5. 9,1
Wheat,1,earas_report_2022_23:district_tables,2
i.e.,1,earas_report_2023_24:district_tables,1
tMustard,1,earas_report_2022_23:district_tables,1
