Year,District,Block,Block_Urban,Season,Crop,Area_ha,Yield_qtl_per_ha,Production_qtls
2023-24,Angul,Athamallik,Block,Autumn,Paddy,,,
2023-24,Angul,Athamallik,Block,Winter,Paddy,13544,54.54,738634
2023-24,Angul,Athamallik,Block,Summer,Paddy,999,48.57,48523
2023-24,Angul,Angul,Block,Autumn,Paddy,,,
2023-24,Angul,Angul,Block,Winter,Paddy,18309,51.67,946082
2023-24,Angul,Angul,Block,Summer,Paddy,,,
2023-24,Angul,Banarpal,Block,Autumn,Paddy,,,
2023-24,Angul,Banarpal,Block,Winter,Paddy,13085,54.9,718412
2023-24,Angul,Banarpal,Block,Summer,Paddy,,,
2023-24,Angul,Kishorenagar,Block,Autumn,Paddy,,,
2023-24,Angul,Kishorenagar,Block,Winter,Paddy,21900,55.64,1218578
2023-24,Angul,Kishorenagar,Block,Summer,Paddy,6,37.46,225
2023-24,Angul,Chhendipada,Block,Autumn,Paddy,3,32.57,98
2023-24,Angul,Chhendipada,Block,Winter,Paddy,16251,46.68,758545
2023-24,Angul,Chhendipada,Block,Summer,Paddy,,,
2023-24,Angul,Kaniha,Block,Autumn,Paddy,134,31.48,4218
2023-24,Angul,Kaniha,Block,Winter,Paddy,22210,42.42,942194
2023-24,Angul,Kaniha,Block,Summer,Paddy,,,
2023-24,Angul,Talcher,Block,Autumn,Paddy,,,
2023-24,Angul,Talcher,Block,Winter,Paddy,460,51.49,23685
2023-24,Angul,Talcher,Block,Summer,Paddy,,,
2023-24,Angul,Palalahada,Block,Autumn,Paddy,3015,30.36,91544
2023-24,Angul,Palalahada,Block,Winter,Paddy,9882,46.27,457214
2023-24,Angul,Palalahada,Block,Summer,Paddy,,,
2023-24,Angul,Urban,Urban,Autumn,Paddy,66,30.41,2007
2023-24,Angul,Urban,Urban,Winter,Paddy,1157,52.96,61280
2023-24,Angul,Urban,Urban,Summer,Paddy,2,48.57,97
2023-24,Balangir,Bangamunda,Block,Autumn,Paddy,1016,32.36,32876
2023-24,Balangir,Bangamunda,Block,Winter,Paddy,9774,44.62,436130
2023-24,Balangir,Bangamunda,Block,Summer,Paddy,124,28.46,3530
2023-24,Balangir,Titilagarh,Block,Autumn,Paddy,2410,30.35,73152
2023-24,Balangir,Titilagarh,Block,Winter,Paddy,14031,47.26,663119
2023-24,Balangir,Titilagarh,Block,Summer,Paddy,184,40.71,7490
2023-24,Balangir,Saintala,Block,Autumn,Paddy,2049,29.54,60534
2023-24,Balangir,Saintala,Block,Winter,Paddy,10435,46.97,490094
2023-24,Balangir,Saintala,Block,Summer,Paddy,220,57.72,12699
2023-24,Balangir,Muribahal,Block,Autumn,Paddy,1937,21.16,40990
2023-24,Balangir,Muribahal,Block,Winter,Paddy,11435,33.19,379522
2023-24,Balangir,Muribahal,Block,Summer,Paddy,10,28.07,281
2023-24,Balangir,Tureikela,Block,Autumn,Paddy,3045,18.62,56695
2023-24,Balangir,Tureikela,Block,Winter,Paddy,9278,30.62,284097
2023-24,Balangir,Tureikela,Block,Summer,Paddy,176,35.04,6167
2023-24,Balangir,Belapada,Block,Autumn,Paddy,5690,27.56,156820
2023-24,Balangir,Belapada,Block,Winter,Paddy,9533,29.74,283514
2023-24,Balangir,Belapada,Block,Summer,Paddy,50,50.01,2501
2023-24,Balangir,Khaprakhol,Block,Autumn,Paddy,2887,31.21,90109
2023-24,Balangir,Khaprakhol,Block,Winter,Paddy,12132,42.43,514808
2023-24,Balangir,Khaprakhol,Block,Summer,Paddy,622,38.76,24111
2023-24,Balangir,Patnagarh,Block,Autumn,Paddy,827,21.91,18119
2023-24,Balangir,Patnagarh,Block,Winter,Paddy,18225,40.5,738199
2023-24,Balangir,Patnagarh,Block,Summer,Paddy,798,40.61,32404
2023-24,Balangir,Deogaon,Block,Autumn,Paddy,2653,35.87,95152
2023-24,Balangir,Deogaon,Block,Winter,Paddy,9705,49.19,477368
2023-24,Balangir,Deogaon,Block,Summer,Paddy,1259,44.77,56372
2023-24,Balangir,Tentulikhunti,Block,Autumn,Paddy,1189,37.61,44719
2023-24,Balangir,Tentulikhunti,Block,Winter,Paddy,4812,39.69,191001
2023-24,Balangir,Tentulikhunti,Block,Summer,Paddy,575,47.35,27224
2023-24,Balangir,Pointala,Block,Autumn,Paddy,1668,37.48,62509
2023-24,Balangir,Pointala,Block,Winter,Paddy,6751,44.24,298662
2023-24,Balangir,Pointala,Block,Summer,Paddy,223,39.04,8706
2023-24,Balangir,Balangir,Block,Autumn,Paddy,1678,37.2,62425
2023-24,Balangir,Balangir,Block,Winter,Paddy,6092,45.01,274204
2023-24,Balangir,Balangir,Block,Summer,Paddy,330,46.17,15236
2023-24,Balangir,Loisingha,Block,Autumn,Paddy,3369,24.71,83254
2023-24,Balangir,Loisingha,Block,Winter,Paddy,7780,53.38,415290
2023-24,Balangir,Loisingha,Block,Summer,Paddy,885,44.03,38962
2023-24,Balangir,Agalpur,Block,Autumn,Paddy,5047,20.15,101714
2023-24,Balangir,Agalpur,Block,Winter,Paddy,8290,35.65,295505
2023-24,Balangir,Agalpur,Block,Summer,Paddy,723,48.07,34752
2023-24,Balangir,Urban,Urban,Autumn,Paddy,202,27.14,5481
2023-24,Balangir,Urban,Urban,Winter,Paddy,775,41.34,32035
2023-24,Balangir,Urban,Urban,Summer,Paddy,,,
2023-24,Balasore,Khaira,Block,Autumn,Paddy,,,
2023-24,Balasore,Khaira,Block,Winter,Paddy,18689,43.43,811636
2023-24,Balasore,Khaira,Block,Summer,Paddy,142,36.31,5157
2023-24,Balasore,Simulia,Block,Autumn,Paddy,,,
2023-24,Balasore,Simulia,Block,Winter,Paddy,12763,42.51,542500
2023-24,Balasore,Simulia,Block,Summer,Paddy,324,55.22,17892
2023-24,Balasore,Soro,Block,Autumn,Paddy,,,
2023-24,Balasore,Soro,Block,Winter,Paddy,10577,28.05,296731
2023-24,Balasore,Soro,Block,Summer,Paddy,590,30.06,17737
2023-24,Balasore,Oupada,Block,Autumn,Paddy,,,
2023-24,Balasore,Oupada,Block,Winter,Paddy,8697,30.59,266083
2023-24,Balasore,Oupada,Block,Summer,Paddy,5,23.82,119
2023-24,Balasore,Nilagiri,Block,Autumn,Paddy,,,
2023-24,Balasore,Nilagiri,Block,Winter,Paddy,15644,45.52,712164
2023-24,Balasore,Nilagiri,Block,Summer,Paddy,11,47.26,520
2023-24,Balasore,Bahanaga,Block,Autumn,Paddy,,,
2023-24,Balasore,Bahanaga,Block,Winter,Paddy,16156,33.66,543821
2023-24,Balasore,Bahanaga,Block,Summer,Paddy,885,45.51,40279
2023-24,Balasore,Remuna,Block,Autumn,Paddy,,,
2023-24,Balasore,Remuna,Block,Winter,Paddy,14015,41.32,579070
2023-24,Balasore,Remuna,Block,Summer,Paddy,1172,49.22,57683
2023-24,Balasore,Balasore,Block,Autumn,Paddy,,,
2023-24,Balasore,Balasore,Block,Winter,Paddy,21740,42.59,925833
2023-24,Balasore,Balasore,Block,Summer,Paddy,3417,43.54,148761
2023-24,Balasore,Basta,Block,Autumn,Paddy,,,
2023-24,Balasore,Basta,Block,Winter,Paddy,13859,40.78,565121
2023-24,Balasore,Basta,Block,Summer,Paddy,6099,50.95,310727
2023-24,Balasore,Baliapal,Block,Autumn,Paddy,,,
2023-24,Balasore,Baliapal,Block,Winter,Paddy,14255,52.73,751623
2023-24,Balasore,Baliapal,Block,Summer,Paddy,10786,48.65,524737
2023-24,Balasore,Bhogarai,Block,Autumn,Paddy,,,
2023-24,Balasore,Bhogarai,Block,Winter,Paddy,11925,50.64,603869
2023-24,Balasore,Bhogarai,Block,Summer,Paddy,12250,60.97,746827
2023-24,Balasore,Jaleswar,Block,Autumn,Paddy,,,
2023-24,Balasore,Jaleswar,Block,Winter,Paddy,17419,44.97,783329
2023-24,Balasore,Jaleswar,Block,Summer,Paddy,16216,49.47,802171
2023-24,Balasore,Urban,Urban,Autumn,Paddy,,,
2023-24,Balasore,Urban,Urban,Winter,Paddy,3252,41.22,134055
2023-24,Balasore,Urban,Urban,Summer,Paddy,415,44.78,18583
2023-24,Baragarh,Paikmal,Block,Autumn,Paddy,7859,29.72,233561
2023-24,Baragarh,Paikmal,Block,Winter,Paddy,21980,56.67,1245521
2023-24,Baragarh,Paikmal,Block,Summer,Paddy,3252,38.38,124805
2023-24,Baragarh,Padmapur,Block,Autumn,Paddy,7542,30.05,226619
2023-24,Baragarh,Padmapur,Block,Winter,Paddy,19250,56.85,1094297
2023-24,Baragarh,Padmapur,Block,Summer,Paddy,2161,47.62,102907
2023-24,Baragarh,Gaisilet,Block,Autumn,Paddy,6519,23.06,150361
2023-24,Baragarh,Gaisilet,Block,Winter,Paddy,12078,48.6,586944
2023-24,Baragarh,Gaisilet,Block,Summer,Paddy,379,42.12,15963
2023-24,Baragarh,Bijepur,Block,Autumn,Paddy,4811,36.73,176713
2023-24,Baragarh,Bijepur,Block,Winter,Paddy,9652,45.21,436405
2023-24,Baragarh,Bijepur,Block,Summer,Paddy,5005,66.97,335163
2023-24,Baragarh,Sohela,Block,Autumn,Paddy,2121,37.29,79097
2023-24,Baragarh,Sohela,Block,Winter,Paddy,19647,55.8,1096393
2023-24,Baragarh,Sohela,Block,Summer,Paddy,4606,62.73,288934
2023-24,Baragarh,Jharbandh,Block,Autumn,Paddy,7854,35.08,275508
2023-24,Baragarh,Jharbandh,Block,Winter,Paddy,15850,56.5,895460
2023-24,Baragarh,Jharbandh,Block,Summer,Paddy,2219,45.71,101432
2023-24,Baragarh,Barapalli,Block,Autumn,Paddy,148,35.44,5245
2023-24,Baragarh,Barapalli,Block,Winter,Paddy,15969,60.73,969773
2023-24,Baragarh,Barapalli,Block,Summer,Paddy,13910,61.1,849939
2023-24,Baragarh,Bheden,Block,Autumn,Paddy,239,48.28,11540
2023-24,Baragarh,Bheden,Block,Winter,Paddy,22520,59.28,1334926
2023-24,Baragarh,Bheden,Block,Summer,Paddy,22130,52.01,1150954
2023-24,Baragarh,Attabira,Block,Autumn,Paddy,184,34.11,6276
2023-24,Baragarh,Attabira,Block,Winter,Paddy,22226,60.5,1344749
2023-24,Baragarh,Attabira,Block,Summer,Paddy,19460,53.37,1038578
2023-24,Baragarh,Bargarh,Block,Autumn,Paddy,432,22.3,9634
2023-24,Baragarh,Bargarh,Block,Winter,Paddy,22954,35.72,820006
2023-24,Baragarh,Bargarh,Block,Summer,Paddy,20401,47.26,964096
2023-24,Baragarh,Bhattali,Block,Autumn,Paddy,2802,23.33,65358
2023-24,Baragarh,Bhattali,Block,Winter,Paddy,12981,40.38,524214
2023-24,Baragarh,Bhattali,Block,Summer,Paddy,6456,48.47,312936
2023-24,Baragarh,Ambabhana,Block,Autumn,Paddy,1651,31.27,51632
2023-24,Baragarh,Ambabhana,Block,Winter,Paddy,10383,54.55,566415
2023-24,Baragarh,Ambabhana,Block,Summer,Paddy,452,56.87,25706
2023-24,Baragarh,Urban,Urban,Autumn,Paddy,186,29.77,5537
2023-24,Baragarh,Urban,Urban,Winter,Paddy,1562,53.27,83204
2023-24,Baragarh,Urban,Urban,Summer,Paddy,1145,51.19,58608
2023-24,Bhadrak,Bhandaripokhari,Block,Autumn,Paddy,,,
2023-24,Bhadrak,Bhandaripokhari,Block,Winter,Paddy,14506,46.94,680941
2023-24,Bhadrak,Bhandaripokhari,Block,Summer,Paddy,438,41.2,18044
2023-24,Bhadrak,Dhamanagar,Block,Autumn,Paddy,,,
2023-24,Bhadrak,Dhamanagar,Block,Winter,Paddy,14667,36.13,529957
2023-24,Bhadrak,Dhamanagar,Block,Summer,Paddy,203,37.48,7608
2023-24,Bhadrak,Chandabali,Block,Autumn,Paddy,,,
2023-24,Bhadrak,Chandabali,Block,Winter,Paddy,29218,26.25,767105
2023-24,Bhadrak,Chandabali,Block,Summer,Paddy,431,42.76,18430
2023-24,Bhadrak,Tihidi,Block,Autumn,Paddy,,,
2023-24,Bhadrak,Tihidi,Block,Winter,Paddy,20849,41.59,867128
2023-24,Bhadrak,Tihidi,Block,Summer,Paddy,86,34.27,2947
2023-24,Bhadrak,Bhadrak,Block,Autumn,Paddy,,,
2023-24,Bhadrak,Bhadrak,Block,Winter,Paddy,19983,42.2,843344
2023-24,Bhadrak,Bhadrak,Block,Summer,Paddy,187,36.34,6796
2023-24,Bhadrak,Bonth,Block,Autumn,Paddy,,,
2023-24,Bhadrak,Bonth,Block,Winter,Paddy,15648,52.59,823001
2023-24,Bhadrak,Bonth,Block,Summer,Paddy,457,44.52,20345
2023-24,Bhadrak,Basudevpur,Block,Autumn,Paddy,,,
2023-24,Bhadrak,Basudevpur,Block,Winter,Paddy,25264,41.5,1048337
2023-24,Bhadrak,Basudevpur,Block,Summer,Paddy,212,45.46,9637
2023-24,Bhadrak,Urban,Urban,Autumn,Paddy,,,
2023-24,Bhadrak,Urban,Urban,Winter,Paddy,3994,35.03,139917
2023-24,Bhadrak,Urban,Urban,Summer,Paddy,13,41.23,536
2023-24,Boudh,Hadabhanga,Block,Autumn,Paddy,30,36.49,1095
2023-24,Boudh,Hadabhanga,Block,Winter,Paddy,17240,43.24,745536
2023-24,Boudh,Hadabhanga,Block,Summer,Paddy,210,47.51,9978
2023-24,Boudh,Boudh,Block,Autumn,Paddy,204,38.17,7787
2023-24,Boudh,Boudh,Block,Winter,Paddy,22233,49.88,1109033
2023-24,Boudh,Boudh,Block,Summer,Paddy,1104,46.53,51371
2023-24,Boudh,Kantamal,Block,Autumn,Paddy,713,38.61,27530
2023-24,Boudh,Kantamal,Block,Winter,Paddy,21134,54,1141176
2023-24,Boudh,Kantamal,Block,Summer,Paddy,1975,54.12,106890
2023-24,Boudh,Urban,Urban,Autumn,Paddy,1,38.17,38
2023-24,Boudh,Urban,Urban,Winter,Paddy,545,49.88,27186
2023-24,Boudh,Urban,Urban,Summer,Paddy,260,46.53,12098
2023-24,Cuttack,Narasinghpur,Block,Autumn,Paddy,47,37.82,1778
2023-24,Cuttack,Narasinghpur,Block,Winter,Paddy,10638,41.76,444230
2023-24,Cuttack,Narasinghpur,Block,Summer,Paddy,,,
2023-24,Cuttack,Badamba,Block,Autumn,Paddy,263,40.77,10722
2023-24,Cuttack,Badamba,Block,Winter,Paddy,8660,42.04,364048
2023-24,Cuttack,Badamba,Block,Summer,Paddy,,,
2023-24,Cuttack,Banki,Block,Autumn,Paddy,67,25.73,1724
2023-24,Cuttack,Banki,Block,Winter,Paddy,8848,46.34,410005
2023-24,Cuttack,Banki,Block,Summer,Paddy,497,60.95,30290
2023-24,Cuttack,Dampada,Block,Autumn,Paddy,,,
2023-24,Cuttack,Dampada,Block,Winter,Paddy,6751,34.79,234848
2023-24,Cuttack,Dampada,Block,Summer,Paddy,993,53.8,53428
2023-24,Cuttack,Tigiria,Block,Autumn,Paddy,,,
2023-24,Cuttack,Tigiria,Block,Winter,Paddy,2943,48.4,142434
2023-24,Cuttack,Tigiria,Block,Summer,Paddy,,,
2023-24,Cuttack,Athagarh,Block,Autumn,Paddy,,,
2023-24,Cuttack,Athagarh,Block,Winter,Paddy,8981,44.03,395445
2023-24,Cuttack,Athagarh,Block,Summer,Paddy,,,
2023-24,Cuttack,Cuttack-Sadar,Block,Autumn,Paddy,,,
2023-24,Cuttack,Cuttack-Sadar,Block,Winter,Paddy,5160,44.12,227679
2023-24,Cuttack,Cuttack-Sadar,Block,Summer,Paddy,1,33.07,33
2023-24,Cuttack,Baranga,Block,Autumn,Paddy,,,
2023-24,Cuttack,Baranga,Block,Winter,Paddy,4070,48.07,195659
2023-24,Cuttack,Baranga,Block,Summer,Paddy,24,46.06,1105
2023-24,Cuttack,Kantapada,Block,Autumn,Paddy,76,26.77,2034
2023-24,Cuttack,Kantapada,Block,Winter,Paddy,5001,44.23,221178
2023-24,Cuttack,Kantapada,Block,Summer,Paddy,142,46.83,6650
2023-24,Cuttack,Salepur,Block,Autumn,Paddy,,,
2023-24,Cuttack,Salepur,Block,Winter,Paddy,8760,58.08,508744
2023-24,Cuttack,Salepur,Block,Summer,Paddy,,,
2023-24,Cuttack,Tangi-Chowdwar,Block,Autumn,Paddy,,,
2023-24,Cuttack,Tangi-Chowdwar,Block,Winter,Paddy,8229,39.35,323828
2023-24,Cuttack,Tangi-Chowdwar,Block,Summer,Paddy,,,
2023-24,Cuttack,Mahanga,Block,Autumn,Paddy,,,
2023-24,Cuttack,Mahanga,Block,Winter,Paddy,8920,50.56,451011
2023-24,Cuttack,Mahanga,Block,Summer,Paddy,,,
2023-24,Cuttack,Nischintakoili,Block,Autumn,Paddy,,,
2023-24,Cuttack,Nischintakoili,Block,Winter,Paddy,9354,52.6,491982
2023-24,Cuttack,Nischintakoili,Block,Summer,Paddy,,,
2023-24,Cuttack,Niali,Block,Autumn,Paddy,111,30.48,3384
2023-24,Cuttack,Niali,Block,Winter,Paddy,8580,52.38,449391
2023-24,Cuttack,Niali,Block,Summer,Paddy,587,65.12,38225
2023-24,Cuttack,Urban,Urban,Autumn,Paddy,1,25.73,26
2023-24,Cuttack,Urban,Urban,Winter,Paddy,849,43.12,36606
2023-24,Cuttack,Urban,Urban,Summer,Paddy,20,51.65,1033
2023-24,Deogarh,Reamal,Block,Autumn,Paddy,4328,34.48,149237
2023-24,Deogarh,Reamal,Block,Winter,Paddy,6110,45.3,276764
2023-24,Deogarh,Reamal,Block,Summer,Paddy,19,31.32,595
2023-24,Deogarh,Tileibani,Block,Autumn,Paddy,2288,36.29,83024
2023-24,Deogarh,Tileibani,Block,Winter,Paddy,10151,49.03,497721
2023-24,Deogarh,Tileibani,Block,Summer,Paddy,167,28.69,4790
2023-24,Deogarh,Barkote,Block,Autumn,Paddy,4250,36.79,156341
2023-24,Deogarh,Barkote,Block,Winter,Paddy,10735,48.4,519521
2023-24,Deogarh,Barkote,Block,Summer,Paddy,54,26.72,1443
2023-24,Deogarh,Urban,Urban,Autumn,Paddy,120,34.48,4138
2023-24,Deogarh,Urban,Urban,Winter,Paddy,451,45.3,20429
2023-24,Deogarh,Urban,Urban,Summer,Paddy,,,
2023-24,Dhenkanal,Hindol,Block,Autumn,Paddy,1,30.26,30
2023-24,Dhenkanal,Hindol,Block,Winter,Paddy,11747,50.8,596758
2023-24,Dhenkanal,Hindol,Block,Summer,Paddy,,,
2023-24,Dhenkanal,Odapada,Block,Autumn,Paddy,38,31.43,1195
2023-24,Dhenkanal,Odapada,Block,Winter,Paddy,6418,49.91,320310
2023-24,Dhenkanal,Odapada,Block,Summer,Paddy,,,
2023-24,Dhenkanal,Dhenkanal-Sadar,Block,Autumn,Paddy,232,39.34,9126
2023-24,Dhenkanal,Dhenkanal-Sadar,Block,Winter,Paddy,9718,57.65,560202
2023-24,Dhenkanal,Dhenkanal-Sadar,Block,Summer,Paddy,155,42.27,6551
2023-24,Dhenkanal,Gandia,Block,Autumn,Paddy,198,33.73,6678
2023-24,Dhenkanal,Gandia,Block,Winter,Paddy,12545,56.53,709136
2023-24,Dhenkanal,Gandia,Block,Summer,Paddy,93,45.88,4267
2023-24,Dhenkanal,Bhuban,Block,Autumn,Paddy,54,34.03,1838
2023-24,Dhenkanal,Bhuban,Block,Winter,Paddy,9394,55.83,524458
2023-24,Dhenkanal,Bhuban,Block,Summer,Paddy,7,45.55,319
2023-24,Dhenkanal,Kamakshyanagar,Block,Autumn,Paddy,,11.2,
2023-24,Dhenkanal,Kamakshyanagar,Block,Winter,Paddy,11487,51.21,588294
2023-24,Dhenkanal,Kamakshyanagar,Block,Summer,Paddy,1,0,
2023-24,Dhenkanal,Parajanga,Block,Autumn,Paddy,19,30.49,579
2023-24,Dhenkanal,Parajanga,Block,Winter,Paddy,10512,51.16,537764
2023-24,Dhenkanal,Parajanga,Block,Summer,Paddy,,,
2023-24,Dhenkanal,Kankadahada,Block,Autumn,Paddy,95,32.76,3112
2023-24,Dhenkanal,Kankadahada,Block,Winter,Paddy,14919,51.59,769683
2023-24,Dhenkanal,Kankadahada,Block,Summer,Paddy,638,44.05,28103
2023-24,Dhenkanal,Urban,Urban,Autumn,Paddy,8,34.15,273
2023-24,Dhenkanal,Urban,Urban,Winter,Paddy,1552,54.95,85277
2023-24,Dhenkanal,Urban,Urban,Summer,Paddy,1,37.17,37
2023-24,Gajapati,Kashinagar,Block,Autumn,Paddy,,,
2023-24,Gajapati,Kashinagar,Block,Winter,Paddy,8397,38.62,324318
2023-24,Gajapati,Kashinagar,Block,Summer,Paddy,182,46.95,8544
2023-24,Gajapati,Paralakhemundi,Block,Autumn,Paddy,,,
2023-24,Gajapati,Paralakhemundi,Block,Winter,Paddy,11318,26.34,298132
2023-24,Gajapati,Paralakhemundi,Block,Summer,Paddy,551,26.75,14739
2023-24,Gajapati,Rayagada,Block,Autumn,Paddy,,,
2023-24,Gajapati,Rayagada,Block,Winter,Paddy,5351,34.02,182025
2023-24,Gajapati,Rayagada,Block,Summer,Paddy,30,24.85,746
2023-24,Gajapati,Gumma,Block,Autumn,Paddy,,,
2023-24,Gajapati,Gumma,Block,Winter,Paddy,5474,30.25,165576
2023-24,Gajapati,Gumma,Block,Summer,Paddy,199,27.46,5465
2023-24,Gajapati,Nuagarh,Block,Autumn,Paddy,,,
2023-24,Gajapati,Nuagarh,Block,Winter,Paddy,1489,45.37,67560
2023-24,Gajapati,Nuagarh,Block,Summer,Paddy,59,36.6,2160
2023-24,Gajapati,R. Udaygiri,Block,Autumn,Paddy,,,
2023-24,Gajapati,R. Udaygiri,Block,Winter,Paddy,1833,35.87,65757
2023-24,Gajapati,R. Udaygiri,Block,Summer,Paddy,153,33.09,5063
2023-24,Gajapati,Mohana,Block,Autumn,Paddy,,,
2023-24,Gajapati,Mohana,Block,Winter,Paddy,5597,22.3,124791
2023-24,Gajapati,Mohana,Block,Summer,Paddy,44,35.28,1552
2023-24,Gajapati,Urban,Urban,Autumn,Paddy,,,
2023-24,Gajapati,Urban,Urban,Winter,Paddy,174,31.51,5483
2023-24,Gajapati,Urban,Urban,Summer,Paddy,,,
2023-24,Ganjam,Patrapur,Block,Autumn,Paddy,,,
2023-24,Ganjam,Patrapur,Block,Winter,Paddy,14625,30.13,440701
2023-24,Ganjam,Patrapur,Block,Summer,Paddy,,,
2023-24,Ganjam,Chikiti,Block,Autumn,Paddy,,,
2023-24,Ganjam,Chikiti,Block,Winter,Paddy,10620,28.37,301278
2023-24,Ganjam,Chikiti,Block,Summer,Paddy,19,38.35,729
2023-24,Ganjam,Digapahandi,Block,Autumn,Paddy,,,
2023-24,Ganjam,Digapahandi,Block,Winter,Paddy,23371,29.34,685821
2023-24,Ganjam,Digapahandi,Block,Summer,Paddy,,,
2023-24,Ganjam,Sankhemundi,Block,Autumn,Paddy,,,
2023-24,Ganjam,Sankhemundi,Block,Winter,Paddy,13505,27.21,367498
2023-24,Ganjam,Sankhemundi,Block,Summer,Paddy,,,
2023-24,Ganjam,Kukudakhandi,Block,Autumn,Paddy,,,
2023-24,Ganjam,Kukudakhandi,Block,Winter,Paddy,12953,39.65,513647
2023-24,Ganjam,Kukudakhandi,Block,Summer,Paddy,5,32.66,163
2023-24,Ganjam,Rangeilunda,Block,Autumn,Paddy,,,
2023-24,Ganjam,Rangeilunda,Block,Winter,Paddy,13180,35.63,469616
2023-24,Ganjam,Rangeilunda,Block,Summer,Paddy,,,
2023-24,Ganjam,Chhatrapur,Block,Autumn,Paddy,414,42.43,17567
2023-24,Ganjam,Chhatrapur,Block,Winter,Paddy,8651,47.77,413230
2023-24,Ganjam,Chhatrapur,Block,Summer,Paddy,,,
2023-24,Ganjam,Hinjilikata,Block,Autumn,Paddy,,,
2023-24,Ganjam,Hinjilikata,Block,Winter,Paddy,8284,45.91,380294
2023-24,Ganjam,Hinjilikata,Block,Summer,Paddy,,,
2023-24,Ganjam,Seragarh,Block,Autumn,Paddy,,,
2023-24,Ganjam,Seragarh,Block,Winter,Paddy,7024,39.62,278284
2023-24,Ganjam,Seragarh,Block,Summer,Paddy,,,
2023-24,Ganjam,Dharakote,Block,Autumn,Paddy,,,
2023-24,Ganjam,Dharakote,Block,Winter,Paddy,11339,20.17,228752
2023-24,Ganjam,Dharakote,Block,Summer,Paddy,,,
2023-24,Ganjam,Sorada,Block,Autumn,Paddy,,,
2023-24,Ganjam,Sorada,Block,Winter,Paddy,10975,44.8,491626
2023-24,Ganjam,Sorada,Block,Summer,Paddy,,,
2023-24,Ganjam,Aska,Block,Autumn,Paddy,,,
2023-24,Ganjam,Aska,Block,Winter,Paddy,9697,41.05,398065
2023-24,Ganjam,Aska,Block,Summer,Paddy,,,
2023-24,Ganjam,Kabisuryanagar,Block,Autumn,Paddy,,,
2023-24,Ganjam,Kabisuryanagar,Block,Winter,Paddy,10141,36.33,368434
2023-24,Ganjam,Kabisuryanagar,Block,Summer,Paddy,,,
2023-24,Ganjam,Purusottampur,Block,Autumn,Paddy,,,
2023-24,Ganjam,Purusottampur,Block,Winter,Paddy,19210,38.88,746867
2023-24,Ganjam,Purusottampur,Block,Summer,Paddy,,,
2023-24,Ganjam,Ganjam,Block,Autumn,Paddy,,,
2023-24,Ganjam,Ganjam,Block,Winter,Paddy,5660,42.31,239465
2023-24,Ganjam,Ganjam,Block,Summer,Paddy,,,
2023-24,Ganjam,Khalikote,Block,Autumn,Paddy,3,53.13,159
2023-24,Ganjam,Khalikote,Block,Winter,Paddy,18188,54.46,990532
2023-24,Ganjam,Khalikote,Block,Summer,Paddy,,,
2023-24,Ganjam,Kodala,Block,Autumn,Paddy,,,
2023-24,Ganjam,Kodala,Block,Winter,Paddy,8340,47.01,392089
2023-24,Ganjam,Kodala,Block,Summer,Paddy,,,
2023-24,Ganjam,Polasara,Block,Autumn,Paddy,,,
2023-24,Ganjam,Polasara,Block,Winter,Paddy,11864,41.69,494588
2023-24,Ganjam,Polasara,Block,Summer,Paddy,,,
2023-24,Ganjam,Bhanjanagar,Block,Autumn,Paddy,,,
2023-24,Ganjam,Bhanjanagar,Block,Winter,Paddy,22069,43.23,953983
2023-24,Ganjam,Bhanjanagar,Block,Summer,Paddy,,,
2023-24,Ganjam,Belaguntha,Block,Autumn,Paddy,,,
2023-24,Ganjam,Belaguntha,Block,Winter,Paddy,11235,40.66,456813
2023-24,Ganjam,Belaguntha,Block,Summer,Paddy,,,
2023-24,Ganjam,Buguda,Block,Autumn,Paddy,,,
2023-24,Ganjam,Buguda,Block,Winter,Paddy,9503,34.53,328148
2023-24,Ganjam,Buguda,Block,Summer,Paddy,,,
2023-24,Ganjam,Jagannathprasad,Block,Autumn,Paddy,,,
2023-24,Ganjam,Jagannathprasad,Block,Winter,Paddy,21132,37.83,799503
2023-24,Ganjam,Jagannathprasad,Block,Summer,Paddy,,,
2023-24,Ganjam,Urban,Urban,Autumn,Paddy,3,46,138
2023-24,Ganjam,Urban,Urban,Winter,Paddy,7208,40.22,289919
2023-24,Ganjam,Urban,Urban,Summer,Paddy,,,
2023-24,Jagatsinghpur,Biridi,Block,Autumn,Paddy,,,
2023-24,Jagatsinghpur,Biridi,Block,Winter,Paddy,5434,50.85,276318
2023-24,Jagatsinghpur,Biridi,Block,Summer,Paddy,,,
2023-24,Jagatsinghpur,Raghunathpur,Block,Autumn,Paddy,,,
2023-24,Jagatsinghpur,Raghunathpur,Block,Winter,Paddy,5677,51.21,290730
2023-24,Jagatsinghpur,Raghunathpur,Block,Summer,Paddy,96,56.45,5419
2023-24,Jagatsinghpur,Jagatsinghpur,Block,Autumn,Paddy,,,
2023-24,Jagatsinghpur,Jagatsinghpur,Block,Winter,Paddy,9378,42.96,402832
2023-24,Jagatsinghpur,Jagatsinghpur,Block,Summer,Paddy,2,41.06,82
2023-24,Jagatsinghpur,Nuagaon,Block,Autumn,Paddy,53,32.6,1728
2023-24,Jagatsinghpur,Nuagaon,Block,Winter,Paddy,6716,37.47,251672
2023-24,Jagatsinghpur,Nuagaon,Block,Summer,Paddy,276,38.5,10627
2023-24,Jagatsinghpur,Balikuda,Block,Autumn,Paddy,19,39.31,747
2023-24,Jagatsinghpur,Balikuda,Block,Winter,Paddy,12705,41.82,531351
2023-24,Jagatsinghpur,Balikuda,Block,Summer,Paddy,13,31.25,406
2023-24,Jagatsinghpur,Erasama,Block,Autumn,Paddy,,,
2023-24,Jagatsinghpur,Erasama,Block,Winter,Paddy,17147,46.61,799216
2023-24,Jagatsinghpur,Erasama,Block,Summer,Paddy,723,57.74,41745
2023-24,Jagatsinghpur,Tirtol,Block,Autumn,Paddy,1,41.1,41
2023-24,Jagatsinghpur,Tirtol,Block,Winter,Paddy,12626,45.74,577458
2023-24,Jagatsinghpur,Tirtol,Block,Summer,Paddy,8,54.67,437
2023-24,Jagatsinghpur,Kujanga,Block,Autumn,Paddy,15,28.06,421
2023-24,Jagatsinghpur,Kujanga,Block,Winter,Paddy,8449,40.16,339319
2023-24,Jagatsinghpur,Kujanga,Block,Summer,Paddy,8,52.66,421
2023-24,Jagatsinghpur,Urban,Urban,Autumn,Paddy,,,
2023-24,Jagatsinghpur,Urban,Urban,Winter,Paddy,907,41.51,37646
2023-24,Jagatsinghpur,Urban,Urban,Summer,Paddy,1,47.69,48
2023-24,Jajpur,Badachana,Block,Autumn,Paddy,3030,24.13,73109
2023-24,Jajpur,Badachana,Block,Winter,Paddy,16121,39.6,638401
2023-24,Jajpur,Badachana,Block,Summer,Paddy,119,24.12,2870
2023-24,Jajpur,Dharamsala,Block,Autumn,Paddy,2523,34.57,87212
2023-24,Jajpur,Dharamsala,Block,Winter,Paddy,12287,34.28,421199
2023-24,Jajpur,Dharamsala,Block,Summer,Paddy,16,32.6,522
2023-24,Jajpur,Sukinda,Block,Autumn,Paddy,9,47.37,426
2023-24,Jajpur,Sukinda,Block,Winter,Paddy,11104,46.94,521259
2023-24,Jajpur,Sukinda,Block,Summer,Paddy,,,
2023-24,Jajpur,Danagadi,Block,Autumn,Paddy,143,18.26,2611
2023-24,Jajpur,Danagadi,Block,Winter,Paddy,12037,46.5,559667
2023-24,Jajpur,Danagadi,Block,Summer,Paddy,3,21.62,65
2023-24,Jajpur,Korai,Block,Autumn,Paddy,,,
2023-24,Jajpur,Korai,Block,Winter,Paddy,19669,42.94,844518
2023-24,Jajpur,Korai,Block,Summer,Paddy,678,30.5,20677
2023-24,Jajpur,Jajpur,Block,Autumn,Paddy,1898,26.51,50324
2023-24,Jajpur,Jajpur,Block,Winter,Paddy,10478,28.26,296079
2023-24,Jajpur,Jajpur,Block,Summer,Paddy,68,22.46,1527
2023-24,Jajpur,Rasulpur,Block,Autumn,Paddy,5156,24.07,124124
2023-24,Jajpur,Rasulpur,Block,Winter,Paddy,550,29.2,16060
2023-24,Jajpur,Rasulpur,Block,Summer,Paddy,,,
2023-24,Jajpur,Bari,Block,Autumn,Paddy,4282,22.15,94826
2023-24,Jajpur,Bari,Block,Winter,Paddy,5482,14.35,78651
2023-24,Jajpur,Bari,Block,Summer,Paddy,7,32.29,226
2023-24,Jajpur,Binjharpur,Block,Autumn,Paddy,,,
2023-24,Jajpur,Binjharpur,Block,Winter,Paddy,12259,19.98,244979
2023-24,Jajpur,Binjharpur,Block,Summer,Paddy,190,32.01,6082
2023-24,Jajpur,Dasarathpur,Block,Autumn,Paddy,,,
2023-24,Jajpur,Dasarathpur,Block,Winter,Paddy,12970,28.5,369706
2023-24,Jajpur,Dasarathpur,Block,Summer,Paddy,3173,46.68,148108
2023-24,Jajpur,Urban,Urban,Autumn,Paddy,17,25.24,429
2023-24,Jajpur,Urban,Urban,Winter,Paddy,1084,35.24,38202
2023-24,Jajpur,Urban,Urban,Summer,Paddy,12,22.18,266
2023-24,Jharsuguda,Lakhanpur,Block,Autumn,Paddy,3986,28.21,112465
2023-24,Jharsuguda,Lakhanpur,Block,Winter,Paddy,7964,37.88,301706
2023-24,Jharsuguda,Lakhanpur,Block,Summer,Paddy,1603,66.15,106034
2023-24,Jharsuguda,Jharsuguda,Block,Autumn,Paddy,762,33.21,25310
2023-24,Jharsuguda,Jharsuguda,Block,Winter,Paddy,3331,43.02,143303
2023-24,Jharsuguda,Jharsuguda,Block,Summer,Paddy,51,42.49,2167
2023-24,Jharsuguda,Kulabira,Block,Autumn,Paddy,1633,26.49,43251
2023-24,Jharsuguda,Kulabira,Block,Winter,Paddy,3036,48.68,147784
2023-24,Jharsuguda,Kulabira,Block,Summer,Paddy,164,63.92,10483
2023-24,Jharsuguda,Laikera,Block,Autumn,Paddy,4383,47.7,209087
2023-24,Jharsuguda,Laikera,Block,Winter,Paddy,3679,68.8,253101
2023-24,Jharsuguda,Laikera,Block,Summer,Paddy,71,58.51,4154
2023-24,Jharsuguda,Kirimira,Block,Autumn,Paddy,2438,48.78,118934
2023-24,Jharsuguda,Kirimira,Block,Winter,Paddy,2746,68.78,188878
2023-24,Jharsuguda,Kirimira,Block,Summer,Paddy,15,73.11,1097
2023-24,Jharsuguda,Urban,Urban,Autumn,Paddy,314,33.21,10429
2023-24,Jharsuguda,Urban,Urban,Winter,Paddy,1077,43.02,46334
2023-24,Jharsuguda,Urban,Urban,Summer,Paddy,16,42.49,680
2023-24,Kalahandi,Kokasara,Block,Autumn,Paddy,881,34.3,30222
2023-24,Kalahandi,Kokasara,Block,Winter,Paddy,18040,41.83,754644
2023-24,Kalahandi,Kokasara,Block,Summer,Paddy,5622,45.42,255364
2023-24,Kalahandi,Jayapatna,Block,Autumn,Paddy,71,27.85,1977
2023-24,Kalahandi,Jayapatna,Block,Winter,Paddy,22631,52.97,1198656
2023-24,Kalahandi,Jayapatna,Block,Summer,Paddy,15684,45.59,715032
2023-24,Kalahandi,Kalampur,Block,Autumn,Paddy,,,
2023-24,Kalahandi,Kalampur,Block,Winter,Paddy,10624,64.46,684814
2023-24,Kalahandi,Kalampur,Block,Summer,Paddy,7936,58.58,464907
2023-24,Kalahandi,Thuamul-Rampur,Block,Autumn,Paddy,24,26.7,641
2023-24,Kalahandi,Thuamul-Rampur,Block,Winter,Paddy,2907,32.97,95831
2023-24,Kalahandi,Thuamul-Rampur,Block,Summer,Paddy,198,22.14,4384
2023-24,Kalahandi,Lanjigarh,Block,Autumn,Paddy,462,18.71,8643
2023-24,Kalahandi,Lanjigarh,Block,Winter,Paddy,7284,37.02,269686
2023-24,Kalahandi,Lanjigarh,Block,Summer,Paddy,41,27.42,1124
2023-24,Kalahandi,Narla,Block,Autumn,Paddy,265,25.13,6660
2023-24,Kalahandi,Narla,Block,Winter,Paddy,22889,42.76,978729
2023-24,Kalahandi,Narla,Block,Summer,Paddy,2309,48.75,112565
2023-24,Kalahandi,Madanpur-Rampur,Block,Autumn,Paddy,542,34.2,18534
2023-24,Kalahandi,Madanpur-Rampur,Block,Winter,Paddy,9264,41.73,386559
2023-24,Kalahandi,Madanpur-Rampur,Block,Summer,Paddy,2037,45.42,92515
2023-24,Kalahandi,Karlamunda,Block,Autumn,Paddy,416,23.38,9728
2023-24,Kalahandi,Karlamunda,Block,Winter,Paddy,8356,50.31,420415
2023-24,Kalahandi,Karlamunda,Block,Summer,Paddy,706,42.42,29949
2023-24,Kalahandi,Kesinga,Block,Autumn,Paddy,484,12.02,5819
2023-24,Kalahandi,Kesinga,Block,Winter,Paddy,10548,44.08,464919
2023-24,Kalahandi,Kesinga,Block,Summer,Paddy,783,50.03,39173
2023-24,Kalahandi,Bhawanipatna,Block,Autumn,Paddy,1465,19.41,28437
2023-24,Kalahandi,Bhawanipatna,Block,Winter,Paddy,14063,37.21,523259
2023-24,Kalahandi,Bhawanipatna,Block,Summer,Paddy,1987,43.38,86189
2023-24,Kalahandi,Junagarh,Block,Autumn,Paddy,123,39.93,4912
2023-24,Kalahandi,Junagarh,Block,Winter,Paddy,28156,57.43,1616898
2023-24,Kalahandi,Junagarh,Block,Summer,Paddy,17807,49.15,875267
2023-24,Kalahandi,Dharamgarh,Block,Autumn,Paddy,941,21.92,20629
2023-24,Kalahandi,Dharamgarh,Block,Winter,Paddy,15808,40.42,638977
2023-24,Kalahandi,Dharamgarh,Block,Summer,Paddy,7047,39.57,278847
2023-24,Kalahandi,Golamunda,Block,Autumn,Paddy,3335,17.37,57917
2023-24,Kalahandi,Golamunda,Block,Winter,Paddy,12683,35.57,451118
2023-24,Kalahandi,Golamunda,Block,Summer,Paddy,385,54.85,21119
2023-24,Kalahandi,Urban,Urban,Autumn,Paddy,44,17.83,784
2023-24,Kalahandi,Urban,Urban,Winter,Paddy,788,46.26,36454
2023-24,Kalahandi,Urban,Urban,Summer,Paddy,131,47.66,6243
2023-24,Kandhamal,Tumudibandha,Block,Autumn,Paddy,75,26.85,2014
2023-24,Kandhamal,Tumudibandha,Block,Winter,Paddy,1703,28.7,48868
2023-24,Kandhamal,Tumudibandha,Block,Summer,Paddy,125,33.06,4132
2023-24,Kandhamal,Kotagarh,Block,Autumn,Paddy,33,22.09,729
2023-24,Kandhamal,Kotagarh,Block,Winter,Paddy,1392,31.91,44423
2023-24,Kandhamal,Kotagarh,Block,Summer,Paddy,4,28.03,112
2023-24,Kandhamal,Daringibadi,Block,Autumn,Paddy,3,21.12,63
2023-24,Kandhamal,Daringibadi,Block,Winter,Paddy,3963,28.47,112828
2023-24,Kandhamal,Daringibadi,Block,Summer,Paddy,72,35.6,2563
2023-24,Kandhamal,Raikia,Block,Autumn,Paddy,,,
2023-24,Kandhamal,Raikia,Block,Winter,Paddy,2788,27.17,75744
2023-24,Kandhamal,Raikia,Block,Summer,Paddy,,,
2023-24,Kandhamal,G.Udayagiri,Block,Autumn,Paddy,25,22.47,562
2023-24,Kandhamal,G.Udayagiri,Block,Winter,Paddy,1506,30.96,46633
2023-24,Kandhamal,G.Udayagiri,Block,Summer,Paddy,28,38.56,1080
2023-24,Kandhamal,Chakapada,Block,Autumn,Paddy,33,23.13,763
2023-24,Kandhamal,Chakapada,Block,Winter,Paddy,4951,31.37,155330
2023-24,Kandhamal,Chakapada,Block,Summer,Paddy,,,
2023-24,Kandhamal,Tikabali,Block,Autumn,Paddy,13,32.7,425
2023-24,Kandhamal,Tikabali,Block,Winter,Paddy,4127,32.2,132871
2023-24,Kandhamal,Tikabali,Block,Summer,Paddy,102,53.58,5465
2023-24,Kandhamal,Nuagaon,Block,Autumn,Paddy,47,17.89,841
2023-24,Kandhamal,Nuagaon,Block,Winter,Paddy,2014,26.98,54334
2023-24,Kandhamal,Nuagaon,Block,Summer,Paddy,129,42.36,5464
2023-24,Kandhamal,Baliguda,Block,Autumn,Paddy,249,20.02,4985
2023-24,Kandhamal,Baliguda,Block,Winter,Paddy,2401,28.76,69050
2023-24,Kandhamal,Baliguda,Block,Summer,Paddy,48,36.94,1773
2023-24,Kandhamal,Phiringia,Block,Autumn,Paddy,18,31.67,570
2023-24,Kandhamal,Phiringia,Block,Winter,Paddy,4390,26.37,115764
2023-24,Kandhamal,Phiringia,Block,Summer,Paddy,82,46.28,3795
2023-24,Kandhamal,Phulbani,Block,Autumn,Paddy,18,28.11,506
2023-24,Kandhamal,Phulbani,Block,Winter,Paddy,2809,30.08,84499
2023-24,Kandhamal,Phulbani,Block,Summer,Paddy,54,47.91,2587
2023-24,Kandhamal,Khajuripada,Block,Autumn,Paddy,21,25.48,535
2023-24,Kandhamal,Khajuripada,Block,Winter,Paddy,3141,32.8,103021
2023-24,Kandhamal,Khajuripada,Block,Summer,Paddy,,,
2023-24,Kandhamal,Urban,Urban,Autumn,Paddy,3,25.67,77
2023-24,Kandhamal,Urban,Urban,Winter,Paddy,307,28.6,8780
2023-24,Kandhamal,Urban,Urban,Summer,Paddy,4,44.25,177
2023-24,Kendrapara,Garadapur,Block,Autumn,Paddy,345,33.37,11512
2023-24,Kendrapara,Garadapur,Block,Winter,Paddy,7400,37.81,279814
2023-24,Kendrapara,Garadapur,Block,Summer,Paddy,11,28.62,315
2023-24,Kendrapara,Kendrapara,Block,Autumn,Paddy,,,
2023-24,Kendrapara,Kendrapara,Block,Winter,Paddy,12164,45.55,554095
2023-24,Kendrapara,Kendrapara,Block,Summer,Paddy,25,66.84,1671
2023-24,Kendrapara,Derabisi,Block,Autumn,Paddy,49,32.1,1573
2023-24,Kendrapara,Derabisi,Block,Winter,Paddy,8806,44.26,389791
2023-24,Kendrapara,Derabisi,Block,Summer,Paddy,5,52.49,262
2023-24,Kendrapara,Aul,Block,Autumn,Paddy,,,
2023-24,Kendrapara,Aul,Block,Winter,Paddy,12472,39.82,496628
2023-24,Kendrapara,Aul,Block,Summer,Paddy,69,60.67,4186
2023-24,Kendrapara,Pattamundai,Block,Autumn,Paddy,3,36.53,110
2023-24,Kendrapara,Pattamundai,Block,Winter,Paddy,12867,36.48,469419
2023-24,Kendrapara,Pattamundai,Block,Summer,Paddy,95,41.3,3924
2023-24,Kendrapara,Marshaghai,Block,Autumn,Paddy,136,24.41,3320
2023-24,Kendrapara,Marshaghai,Block,Winter,Paddy,7920,37.67,298378
2023-24,Kendrapara,Marshaghai,Block,Summer,Paddy,,,
2023-24,Kendrapara,Mahakalpara,Block,Autumn,Paddy,20,30.01,600
2023-24,Kendrapara,Mahakalpara,Block,Winter,Paddy,21240,40.06,850878
2023-24,Kendrapara,Mahakalpara,Block,Summer,Paddy,54,44.28,2391
2023-24,Kendrapara,Rajanagar,Block,Autumn,Paddy,,,
2023-24,Kendrapara,Rajanagar,Block,Winter,Paddy,21380,23.82,509375
2023-24,Kendrapara,Rajanagar,Block,Summer,Paddy,1,36.43,36
2023-24,Kendrapara,Rajakanika,Block,Autumn,Paddy,,,
2023-24,Kendrapara,Rajakanika,Block,Winter,Paddy,15311,34.63,530146
2023-24,Kendrapara,Rajakanika,Block,Summer,Paddy,600,54.41,32647
2023-24,Kendrapara,Urban,Urban,Autumn,Paddy,,,
2023-24,Kendrapara,Urban,Urban,Winter,Paddy,1112,39.88,44344
2023-24,Kendrapara,Urban,Urban,Summer,Paddy,5,52.25,261
2023-24,Keonjhar,Telkoi,Block,Autumn,Paddy,392,37.96,14881
2023-24,Keonjhar,Telkoi,Block,Winter,Paddy,1720,52.56,90400
2023-24,Keonjhar,Telkoi,Block,Summer,Paddy,,,
2023-24,Keonjhar,Harichandanpur,Block,Autumn,Paddy,346,46.39,16051
2023-24,Keonjhar,Harichandanpur,Block,Winter,Paddy,14647,56.06,821098
2023-24,Keonjhar,Harichandanpur,Block,Summer,Paddy,13,48.31,628
2023-24,Keonjhar,Ghasipura,Block,Autumn,Paddy,111,33.77,3749
2023-24,Keonjhar,Ghasipura,Block,Winter,Paddy,18559,44.68,829237
2023-24,Keonjhar,Ghasipura,Block,Summer,Paddy,1,31.92,32
2023-24,Keonjhar,Anandpur,Block,Autumn,Paddy,217,23.43,5085
2023-24,Keonjhar,Anandpur,Block,Winter,Paddy,7352,38.09,280014
2023-24,Keonjhar,Anandpur,Block,Summer,Paddy,4,17.49,70
2023-24,Keonjhar,Hatadihi,Block,Autumn,Paddy,3,42.23,127
2023-24,Keonjhar,Hatadihi,Block,Winter,Paddy,19944,58.24,1161497
2023-24,Keonjhar,Hatadihi,Block,Summer,Paddy,,,
2023-24,Keonjhar,Ghatagaon,Block,Autumn,Paddy,2027,38.1,77227
2023-24,Keonjhar,Ghatagaon,Block,Winter,Paddy,10807,45.77,494681
2023-24,Keonjhar,Ghatagaon,Block,Summer,Paddy,S,47.68,
2023-24,Keonjhar,Keonjhar-Sadar,Block,Autumn,Paddy,24,68.69,1649
2023-24,Keonjhar,Keonjhar-Sadar,Block,Winter,Paddy,11539,64.25,741384
2023-24,Keonjhar,Keonjhar-Sadar,Block,Summer,Paddy,,,
2023-24,Keonjhar,Bansapal,Block,Autumn,Paddy,3103,35.93,111479
2023-24,Keonjhar,Bansapal,Block,Winter,Paddy,2130,43.82,93332
2023-24,Keonjhar,Bansapal,Block,Summer,Paddy,24,38.69,929
2023-24,Keonjhar,Joda,Block,Autumn,Paddy,139,8.37,1163
2023-24,Keonjhar,Joda,Block,Winter,Paddy,1795,63.66,114272
2023-24,Keonjhar,Joda,Block,Summer,Paddy,,,
2023-24,Keonjhar,Jhumpura,Block,Autumn,Paddy,1332,38.67,51511
2023-24,Keonjhar,Jhumpura,Block,Winter,Paddy,13706,49.37,676607
2023-24,Keonjhar,Jhumpura,Block,Summer,Paddy,,,
2023-24,Keonjhar,Patana,Block,Autumn,Paddy,957,38.06,36427
2023-24,Keonjhar,Patana,Block,Winter,Paddy,8675,50.95,441993
2023-24,Keonjhar,Patana,Block,Summer,Paddy,84,56.64,4758
2023-24,Keonjhar,Saharapada,Block,Autumn,Paddy,1258,41.52,52232
2023-24,Keonjhar,Saharapada,Block,Winter,Paddy,14229,46.94,667978
2023-24,Keonjhar,Saharapada,Block,Summer,Paddy,290,48.07,13940
2023-24,Keonjhar,Champua,Block,Autumn,Paddy,700,36.11,25278
2023-24,Keonjhar,Champua,Block,Winter,Paddy,17855,39.57,706523
2023-24,Keonjhar,Champua,Block,Summer,Paddy,391,49.03,19171
2023-24,Keonjhar,Urban,Urban,Autumn,Paddy,190,36.09,6857
2023-24,Keonjhar,Urban,Urban,Winter,Paddy,1445,51.37,74236
2023-24,Keonjhar,Urban,Urban,Summer,Paddy,,,
2023-24,Khurda,Tangi,Block,Autumn,Paddy,,,
2023-24,Khurda,Tangi,Block,Winter,Paddy,8970,40.79,365861
2023-24,Khurda,Tangi,Block,Summer,Paddy,8,39.51,316
2023-24,Khurda,Chilika,Block,Autumn,Paddy,,,
2023-24,Khurda,Chilika,Block,Winter,Paddy,6063,33.88,205436
2023-24,Khurda,Chilika,Block,Summer,Paddy,S,24.27,
2023-24,Khurda,Banpur,Block,Autumn,Paddy,8,22.01,176
2023-24,Khurda,Banpur,Block,Winter,Paddy,12368,40.31,498586
2023-24,Khurda,Banpur,Block,Summer,Paddy,,,
2023-24,Khurda,Begunia,Block,Autumn,Paddy,,,
2023-24,Khurda,Begunia,Block,Winter,Paddy,12852,24.11,309822
2023-24,Khurda,Begunia,Block,Summer,Paddy,,,
2023-24,Khurda,Khurda,Block,Autumn,Paddy,,,
2023-24,Khurda,Khurda,Block,Winter,Paddy,8212,26.25,215575
2023-24,Khurda,Khurda,Block,Summer,Paddy,,,
2023-24,Khurda,Jatani,Block,Autumn,Paddy,1,28.56,29
2023-24,Khurda,Jatani,Block,Winter,Paddy,2800,41.48,116132
2023-24,Khurda,Jatani,Block,Summer,Paddy,58,40.42,2344
2023-24,Khurda,Balipatna,Block,Autumn,Paddy,,,
2023-24,Khurda,Balipatna,Block,Winter,Paddy,9027,52.99,478386
2023-24,Khurda,Balipatna,Block,Summer,Paddy,3873,47.46,183809
2023-24,Khurda,Balianta,Block,Autumn,Paddy,,,
2023-24,Khurda,Balianta,Block,Winter,Paddy,6409,53.88,345323
2023-24,Khurda,Balianta,Block,Summer,Paddy,1171,57.1,66864
2023-24,Khurda,Bhubaneswar,Block,Autumn,Paddy,,,
2023-24,Khurda,Bhubaneswar,Block,Winter,Paddy,3509,46.16,161989
2023-24,Khurda,Bhubaneswar,Block,Summer,Paddy,102,50.86,5188
2023-24,Khurda,Bolagarh,Block,Autumn,Paddy,,,
2023-24,Khurda,Bolagarh,Block,Winter,Paddy,14002,22.69,317757
2023-24,Khurda,Bolagarh,Block,Summer,Paddy,,,
2023-24,Khurda,Urban,Urban,Autumn,Paddy,,,
2023-24,Khurda,Urban,Urban,Winter,Paddy,2131,36.96,78771
2023-24,Khurda,Urban,Urban,Summer,Paddy,57,48.22,2749
2023-24,Koraput,Boipariguda,Block,Autumn,Paddy,498,40.69,20264
2023-24,Koraput,Boipariguda,Block,Winter,Paddy,10040,38.43,385851
2023-24,Koraput,Boipariguda,Block,Summer,Paddy,107,36.97,3956
2023-24,Koraput,Lamtaput,Block,Autumn,Paddy,246,32.13,7905
2023-24,Koraput,Lamtaput,Block,Winter,Paddy,2926,37.07,108463
2023-24,Koraput,Lamtaput,Block,Summer,Paddy,510,34.44,17565
2023-24,Koraput,Nandapur,Block,Autumn,Paddy,342,35.93,12290
2023-24,Koraput,Nandapur,Block,Winter,Paddy,2008,36.53,73355
2023-24,Koraput,Nandapur,Block,Summer,Paddy,457,35.56,16249
2023-24,Koraput,Patangi,Block,Autumn,Paddy,216,35.14,7589
2023-24,Koraput,Patangi,Block,Winter,Paddy,1523,39.81,60623
2023-24,Koraput,Patangi,Block,Summer,Paddy,183,33.66,6160
2023-24,Koraput,Similiguda,Block,Autumn,Paddy,138,34.33,4738
2023-24,Koraput,Similiguda,Block,Winter,Paddy,2922,40.88,119449
2023-24,Koraput,Similiguda,Block,Summer,Paddy,677,38.17,25838
2023-24,Koraput,Koraput-Sadar,Block,Autumn,Paddy,48,32.55,1562
2023-24,Koraput,Koraput-Sadar,Block,Winter,Paddy,1600,43.7,69919
2023-24,Koraput,Koraput-Sadar,Block,Summer,Paddy,1033,43.54,44978
2023-24,Koraput,Jeypore,Block,Autumn,Paddy,223,38.57,8601
2023-24,Koraput,Jeypore,Block,Winter,Paddy,8243,49.93,411539
2023-24,Koraput,Jeypore,Block,Summer,Paddy,5291,49.51,261966
2023-24,Koraput,Kundra,Block,Autumn,Paddy,49,44.53,2182
2023-24,Koraput,Kundra,Block,Winter,Paddy,21559,58.28,1256356
2023-24,Koraput,Kundra,Block,Summer,Paddy,6426,49.38,317288
2023-24,Koraput,Kotapada,Block,Autumn,Paddy,802,36.27,29091
2023-24,Koraput,Kotapada,Block,Winter,Paddy,16500,51.54,850366
2023-24,Koraput,Kotapada,Block,Summer,Paddy,5175,53.25,275564
2023-24,Koraput,Boriguma,Block,Autumn,Paddy,381,38.07,14505
2023-24,Koraput,Boriguma,Block,Winter,Paddy,19143,48.25,923638
2023-24,Koraput,Boriguma,Block,Summer,Paddy,5837,50.03,292019
2023-24,Koraput,Dasamantpur,Block,Autumn,Paddy,347,34.95,12127
2023-24,Koraput,Dasamantpur,Block,Winter,Paddy,3374,43.2,145747
2023-24,Koraput,Dasamantpur,Block,Summer,Paddy,1626,41.65,67721
2023-24,Koraput,Laxmipur,Block,Autumn,Paddy,137,43.26,5927
2023-24,Koraput,Laxmipur,Block,Winter,Paddy,1362,40.87,55670
2023-24,Koraput,Laxmipur,Block,Summer,Paddy,372,43.24,16086
2023-24,Koraput,Narayanpatna,Block,Autumn,Paddy,,,
2023-24,Koraput,Narayanpatna,Block,Winter,Paddy,1709,42.76,73074
2023-24,Koraput,Narayanpatna,Block,Summer,Paddy,775,38.64,29943
2023-24,Koraput,Bandhugaon,Block,Autumn,Paddy,,,
2023-24,Koraput,Bandhugaon,Block,Winter,Paddy,2975,50.8,151131
2023-24,Koraput,Bandhugaon,Block,Summer,Paddy,45,50.14,2256
2023-24,Koraput,Urban,Urban,Autumn,Paddy,150,35.27,5290
2023-24,Koraput,Urban,Urban,Winter,Paddy,2494,47.55,118591
2023-24,Koraput,Urban,Urban,Summer,Paddy,650,47.77,31048
2023-24,Malkanagir,Podia,Block,Autumn,Paddy,598,25.07,14991
2023-24,Malkanagir,Podia,Block,Winter,Paddy,12577,30.99,389707
2023-24,Malkanagir,Podia,Block,Summer,Paddy,,,
2023-24,Malkanagir,Kalimela,Block,Autumn,Paddy,1994,27.18,54200
2023-24,Malkanagir,Kalimela,Block,Winter,Paddy,15818,37.03,585730
2023-24,Malkanagir,Kalimela,Block,Summer,Paddy,39,27.48,1072
2023-24,Malkanagir,Korakunda,Block,Autumn,Paddy,2934,27.16,79675
2023-24,Malkanagir,Korakunda,Block,Winter,Paddy,12534,38.92,487786
2023-24,Malkanagir,Korakunda,Block,Summer,Paddy,318,31.54,10031
2023-24,Malkanagir,Kudumuluguma,Block,Autumn,Paddy,1254,32.78,41111
2023-24,Malkanagir,Kudumuluguma,Block,Winter,Paddy,12829,37.47,480664
2023-24,Malkanagir,Kudumuluguma,Block,Summer,Paddy,,,
2023-24,Malkanagir,Malkanagiri,Block,Autumn,Paddy,2993,27.6,82595
2023-24,Malkanagir,Malkanagiri,Block,Winter,Paddy,22064,35.54,784262
2023-24,Malkanagir,Malkanagiri,Block,Summer,Paddy,563,36.77,20703
2023-24,Malkanagir,Mathili,Block,Autumn,Paddy,2071,25.82,53473
2023-24,Malkanagir,Mathili,Block,Winter,Paddy,20847,36.44,759764
2023-24,Malkanagir,Mathili,Block,Summer,Paddy,,,
2023-24,Malkanagir,Khairpat,Block,Autumn,Paddy,595,29.02,17269
2023-24,Malkanagir,Khairpat,Block,Winter,Paddy,8279,37.89,313679
2023-24,Malkanagir,Khairpat,Block,Summer,Paddy,,,
2023-24,Malkanagir,Urban,Urban,Autumn,Paddy,65,27.43,1783
2023-24,Malkanagir,Urban,Urban,Winter,Paddy,1407,36.94,51970
2023-24,Malkanagir,Urban,Urban,Summer,Paddy,372,34.53,12846
2023-24,Mayurbhanj,Thakurmunda,Block,Autumn,Paddy,279,25.97,7247
2023-24,Mayurbhanj,Thakurmunda,Block,Winter,Paddy,14714,35.96,529183
2023-24,Mayurbhanj,Thakurmunda,Block,Summer,Paddy,50,36.21,1810
2023-24,Mayurbhanj,Kaptipada,Block,Autumn,Paddy,6,31.64,190
2023-24,Mayurbhanj,Kaptipada,Block,Winter,Paddy,20850,43.59,908928
2023-24,Mayurbhanj,Kaptipada,Block,Summer,Paddy,115,39.85,4582
2023-24,Mayurbhanj,Udala,Block,Autumn,Paddy,,,
2023-24,Mayurbhanj,Udala,Block,Winter,Paddy,10961,44.01,482443
2023-24,Mayurbhanj,Udala,Block,Summer,Paddy,142,35.52,5043
2023-24,Mayurbhanj,Khunta,Block,Autumn,Paddy,,,
2023-24,Mayurbhanj,Khunta,Block,Winter,Paddy,12431,33.71,419079
2023-24,Mayurbhanj,Khunta,Block,Summer,Paddy,274,32.42,8884
2023-24,Mayurbhanj,Gopabandhunagar,Block,Autumn,Paddy,,,
2023-24,Mayurbhanj,Gopabandhunagar,Block,Winter,Paddy,10022,36.93,370083
2023-24,Mayurbhanj,Gopabandhunagar,Block,Summer,Paddy,149,34.13,5086
2023-24,Mayurbhanj,Badasahi,Block,Autumn,Paddy,95,28.52,2709
2023-24,Mayurbhanj,Badasahi,Block,Winter,Paddy,17019,37.41,636691
2023-24,Mayurbhanj,Badasahi,Block,Summer,Paddy,390,36.87,14380
2023-24,Mayurbhanj,Betanati,Block,Autumn,Paddy,12,37.87,454
2023-24,Mayurbhanj,Betanati,Block,Winter,Paddy,13658,41.11,561498
2023-24,Mayurbhanj,Betanati,Block,Summer,Paddy,126,42.03,5295
2023-24,Mayurbhanj,Rasagobindpur,Block,Autumn,Paddy,,,
2023-24,Mayurbhanj,Rasagobindpur,Block,Winter,Paddy,7152,42.21,301865
2023-24,Mayurbhanj,Rasagobindpur,Block,Summer,Paddy,416,48.12,20018
2023-24,Mayurbhanj,Morada,Block,Autumn,Paddy,18,28,504
2023-24,Mayurbhanj,Morada,Block,Winter,Paddy,9686,35.21,341035
2023-24,Mayurbhanj,Morada,Block,Summer,Paddy,435,36.37,15819
2023-24,Mayurbhanj,Baripada,Block,Autumn,Paddy,21,28.52,599
2023-24,Mayurbhanj,Baripada,Block,Winter,Paddy,7877,33.44,263404
2023-24,Mayurbhanj,Baripada,Block,Summer,Paddy,244,40.64,9916
2023-24,Mayurbhanj,Suliapada,Block,Autumn,Paddy,16,41.55,665
2023-24,Mayurbhanj,Suliapada,Block,Winter,Paddy,10450,47.87,500269
2023-24,Mayurbhanj,Suliapada,Block,Summer,Paddy,205,39.75,8148
2023-24,Mayurbhanj,Kuliana,Block,Autumn,Paddy,27,47.91,1294
2023-24,Mayurbhanj,Kuliana,Block,Winter,Paddy,8933,48.21,430634
2023-24,Mayurbhanj,Kuliana,Block,Summer,Paddy,80,42.1,3368
2023-24,Mayurbhanj,Shyamakhunta,Block,Autumn,Paddy,30,26.6,798
2023-24,Mayurbhanj,Shyamakhunta,Block,Winter,Paddy,7195,35.17,253016
2023-24,Mayurbhanj,Shyamakhunta,Block,Summer,Paddy,56,38.08,2132
2023-24,Mayurbhanj,Karanjia,Block,Autumn,Paddy,518,21.29,11026
2023-24,Mayurbhanj,Karanjia,Block,Winter,Paddy,8927,34.12,304572
2023-24,Mayurbhanj,Karanjia,Block,Summer,Paddy,74,35.74,2645
2023-24,Mayurbhanj,Sukurli,Block,Autumn,Paddy,352,31.06,10934
2023-24,Mayurbhanj,Sukurli,Block,Winter,Paddy,5960,39.94,238068
2023-24,Mayurbhanj,Sukurli,Block,Summer,Paddy,10,48,480
2023-24,Mayurbhanj,Raruan,Block,Autumn,Paddy,313,24.16,7562
2023-24,Mayurbhanj,Raruan,Block,Winter,Paddy,7467,39.13,292166
2023-24,Mayurbhanj,Raruan,Block,Summer,Paddy,77,37.89,2917
2023-24,Mayurbhanj,Jashipur,Block,Autumn,Paddy,583,22.48,13107
2023-24,Mayurbhanj,Jashipur,Block,Winter,Paddy,12942,37.88,490255
2023-24,Mayurbhanj,Jashipur,Block,Summer,Paddy,38,40.34,1533
2023-24,Mayurbhanj,Bangiriposi,Block,Autumn,Paddy,21,28.74,604
2023-24,Mayurbhanj,Bangiriposi,Block,Winter,Paddy,13050,39.46,514984
2023-24,Mayurbhanj,Bangiriposi,Block,Summer,Paddy,221,33.86,7483
2023-24,Mayurbhanj,Saraskana,Block,Autumn,Paddy,68,38.28,2603
2023-24,Mayurbhanj,Saraskana,Block,Winter,Paddy,13405,44.51,596597
2023-24,Mayurbhanj,Saraskana,Block,Summer,Paddy,634,56.36,35730
2023-24,Mayurbhanj,Bisoi,Block,Autumn,Paddy,317,24.5,7766
2023-24,Mayurbhanj,Bisoi,Block,Winter,Paddy,9490,37.42,355133
2023-24,Mayurbhanj,Bisoi,Block,Summer,Paddy,9,22.99,207
2023-24,Mayurbhanj,Bijatola,Block,Autumn,Paddy,41,29.93,1227
2023-24,Mayurbhanj,Bijatola,Block,Winter,Paddy,13787,33.53,462334
2023-24,Mayurbhanj,Bijatola,Block,Summer,Paddy,27,40.66,1098
2023-24,Mayurbhanj,Kusumi,Block,Autumn,Paddy,3,25.95,78
2023-24,Mayurbhanj,Kusumi,Block,Winter,Paddy,14080,32.24,453984
2023-24,Mayurbhanj,Kusumi,Block,Summer,Paddy,,,
2023-24,Mayurbhanj,Jamada,Block,Autumn,Paddy,7,21.2,148
2023-24,Mayurbhanj,Jamada,Block,Winter,Paddy,10075,32.61,328551
2023-24,Mayurbhanj,Jamada,Block,Summer,Paddy,,,
2023-24,Mayurbhanj,Rairangapur,Block,Autumn,Paddy,63,31.49,1984
2023-24,Mayurbhanj,Rairangapur,Block,Winter,Paddy,9968,41.58,414432
2023-24,Mayurbhanj,Rairangapur,Block,Summer,Paddy,,,
2023-24,Mayurbhanj,Bahalda,Block,Autumn,Paddy,2,29.69,59
2023-24,Mayurbhanj,Bahalda,Block,Winter,Paddy,13314,35.09,467161
2023-24,Mayurbhanj,Bahalda,Block,Summer,Paddy,,,
2023-24,Mayurbhanj,Tiringi,Block,Autumn,Paddy,7,20.46,143
2023-24,Mayurbhanj,Tiringi,Block,Winter,Paddy,9006,30.97,278909
2023-24,Mayurbhanj,Tiringi,Block,Summer,Paddy,7,42.32,296
2023-24,Mayurbhanj,Urban,Urban,Autumn,Paddy,17,24.56,418
2023-24,Mayurbhanj,Urban,Urban,Winter,Paddy,2076,38.23,79362
2023-24,Mayurbhanj,Urban,Urban,Summer,Paddy,20,38.45,769
2023-24,Nuapada,Sinapalli,Block,Autumn,Paddy,3809,25.97,98923
2023-24,Nuapada,Sinapalli,Block,Winter,Paddy,11834,35.78,423425
2023-24,Nuapada,Sinapalli,Block,Summer,Paddy,537,32.32,17355
2023-24,Nuapada,Khariar,Block,Autumn,Paddy,3997,27.7,110730
2023-24,Nuapada,Khariar,Block,Winter,Paddy,10766,44.21,475987
2023-24,Nuapada,Khariar,Block,Summer,Paddy,952,45.52,43335
2023-24,Nuapada,Bhoden,Block,Autumn,Paddy,6297,23.82,149992
2023-24,Nuapada,Bhoden,Block,Winter,Paddy,8076,42.64,344358
2023-24,Nuapada,Bhoden,Block,Summer,Paddy,490,44.65,21879
2023-24,Nuapada,Komana,Block,Autumn,Paddy,15901,21.73,345581
2023-24,Nuapada,Komana,Block,Winter,Paddy,11330,32.25,365351
2023-24,Nuapada,Komana,Block,Summer,Paddy,3053,46.98,143421
2023-24,Nuapada,Nawapara,Block,Autumn,Paddy,8636,25.39,219291
2023-24,Nuapada,Nawapara,Block,Winter,Paddy,24003,43.88,1053290
2023-24,Nuapada,Nawapara,Block,Summer,Paddy,5016,46.34,232424
2023-24,Nuapada,Urban,Urban,Autumn,Paddy,220,26.17,5757
2023-24,Nuapada,Urban,Urban,Winter,Paddy,205,44.02,9025
2023-24,Nuapada,Urban,Urban,Summer,Paddy,,,
2023-24,Nayagarh,Ranpur,Block,Autumn,Paddy,,,
2023-24,Nayagarh,Ranpur,Block,Winter,Paddy,15027,28.69,431181
2023-24,Nayagarh,Ranpur,Block,Summer,Paddy,15,28.13,422
2023-24,Nayagarh,Nayagarh,Block,Autumn,Paddy,,,
2023-24,Nayagarh,Nayagarh,Block,Winter,Paddy,7111,39.71,282402
2023-24,Nayagarh,Nayagarh,Block,Summer,Paddy,,,
2023-24,Nayagarh,Odagaon,Block,Autumn,Paddy,,,
2023-24,Nayagarh,Odagaon,Block,Winter,Paddy,18423,42.56,784148
2023-24,Nayagarh,Odagaon,Block,Summer,Paddy,,,
2023-24,Nayagarh,Nuagaon,Block,Autumn,Paddy,15,24.85,373
2023-24,Nayagarh,Nuagaon,Block,Winter,Paddy,12786,31.4,401495
2023-24,Nayagarh,Nuagaon,Block,Summer,Paddy,,,
2023-24,Nayagarh,Khandapada,Block,Autumn,Paddy,13,34.64,450
2023-24,Nayagarh,Khandapada,Block,Winter,Paddy,10036,44.61,447673
2023-24,Nayagarh,Khandapada,Block,Summer,Paddy,,,
2023-24,Nayagarh,Bhapur,Block,Autumn,Paddy,,,
2023-24,Nayagarh,Bhapur,Block,Winter,Paddy,11006,39.81,438159
2023-24,Nayagarh,Bhapur,Block,Summer,Paddy,,,
2023-24,Nayagarh,Gania,Block,Autumn,Paddy,4,26.36,105
2023-24,Nayagarh,Gania,Block,Winter,Paddy,3985,28.73,114503
2023-24,Nayagarh,Gania,Block,Summer,Paddy,,,
2023-24,Nayagarh,Dasapalla,Block,Autumn,Paddy,14,21.71,304
2023-24,Nayagarh,Dasapalla,Block,Winter,Paddy,10195,29.48,300531
2023-24,Nayagarh,Dasapalla,Block,Summer,Paddy,,,
2023-24,Nayagarh,Urban,Urban,Autumn,Paddy,,,
2023-24,Nayagarh,Urban,Urban,Winter,Paddy,283,42.02,11891
2023-24,Nayagarh,Urban,Urban,Summer,Paddy,,,
2023-24,Nowarangpur,Tentulikhunti,Block,Autumn,Paddy,903,33.97,30676
2023-24,Nowarangpur,Tentulikhunti,Block,Winter,Paddy,7873,43.82,345032
2023-24,Nowarangpur,Tentulikhunti,Block,Summer,Paddy,95,30.01,2851
2023-24,Nowarangpur,Nandahandi,Block,Autumn,Paddy,1188,34.77,41307
2023-24,Nowarangpur,Nandahandi,Block,Winter,Paddy,6766,43.48,294177
2023-24,Nowarangpur,Nandahandi,Block,Summer,Paddy,36,39.25,1413
2023-24,Nowarangpur,Nowarangpur,Block,Autumn,Paddy,1096,36.8,40332
2023-24,Nowarangpur,Nowarangpur,Block,Winter,Paddy,6547,36.08,236205
2023-24,Nowarangpur,Nowarangpur,Block,Summer,Paddy,81,36.29,2940
2023-24,Nowarangpur,Kusagumuda,Block,Autumn,Paddy,2087,34.99,73031
2023-24,Nowarangpur,Kusagumuda,Block,Winter,Paddy,18467,40.73,752208
2023-24,Nowarangpur,Kusagumuda,Block,Summer,Paddy,405,42.01,17013
2023-24,Nowarangpur,Dabugaon,Block,Autumn,Paddy,442,33.17,14661
2023-24,Nowarangpur,Dabugaon,Block,Winter,Paddy,6511,49.42,321800
2023-24,Nowarangpur,Dabugaon,Block,Summer,Paddy,,,
2023-24,Nowarangpur,Papadahandi,Block,Autumn,Paddy,1263,30.25,38208
2023-24,Nowarangpur,Papadahandi,Block,Winter,Paddy,12077,45.82,553378
2023-24,Nowarangpur,Papadahandi,Block,Summer,Paddy,69,44.38,3063
2023-24,Nowarangpur,Jharigaon,Block,Autumn,Paddy,691,36.01,24886
2023-24,Nowarangpur,Jharigaon,Block,Winter,Paddy,10145,41.81,424209
2023-24,Nowarangpur,Jharigaon,Block,Summer,Paddy,,,
2023-24,Nowarangpur,Umarkote,Block,Autumn,Paddy,814,30.32,24678
2023-24,Nowarangpur,Umarkote,Block,Winter,Paddy,17545,45.35,795716
2023-24,Nowarangpur,Umarkote,Block,Summer,Paddy,8,35.14,281
2023-24,Nowarangpur,Raighar,Block,Autumn,Paddy,673,35.86,24134
2023-24,Nowarangpur,Raighar,Block,Winter,Paddy,20154,47.02,947635
2023-24,Nowarangpur,Raighar,Block,Summer,Paddy,43,37.62,1618
2023-24,Nowarangpur,Chandahandi,Block,Autumn,Paddy,696,33.37,23226
2023-24,Nowarangpur,Chandahandi,Block,Winter,Paddy,8552,47.48,406056
2023-24,Nowarangpur,Chandahandi,Block,Summer,Paddy,201,33.68,6769
2023-24,Nowarangpur,Urban,Urban,Autumn,Paddy,70,31.66,2216
2023-24,Nowarangpur,Urban,Urban,Winter,Paddy,1181,43.08,50879
2023-24,Nowarangpur,Urban,Urban,Summer,Paddy,271,38.44,10417
2023-24,Puri,Krushnaprasad,Block,Autumn,Paddy,,,
2023-24,Puri,Krushnaprasad,Block,Winter,Paddy,1203,8.6,10349
2023-24,Puri,Krushnaprasad,Block,Summer,Paddy,594,56.17,33364
2023-24,Puri,Brahmagiri,Block,Autumn,Paddy,,,
2023-24,Puri,Brahmagiri,Block,Winter,Paddy,1384,21.78,30139
2023-24,Puri,Brahmagiri,Block,Summer,Paddy,6295,51.4,323579
2023-24,Puri,Puri-Sadar,Block,Autumn,Paddy,,,
2023-24,Puri,Puri-Sadar,Block,Winter,Paddy,10162,30.89,313862
2023-24,Puri,Puri-Sadar,Block,Summer,Paddy,8615,52.71,454060
2023-24,Puri,Gop,Block,Autumn,Paddy,,,
2023-24,Puri,Gop,Block,Winter,Paddy,15988,51.74,827229
2023-24,Puri,Gop,Block,Summer,Paddy,5174,50.73,262454
2023-24,Puri,Kakatpur,Block,Autumn,Paddy,,,
2023-24,Puri,Kakatpur,Block,Winter,Paddy,5206,56.02,291634
2023-24,Puri,Kakatpur,Block,Summer,Paddy,604,52.34,31614
2023-24,Puri,Astarang,Block,Autumn,Paddy,,,
2023-24,Puri,Astarang,Block,Winter,Paddy,3574,52.76,188573
2023-24,Puri,Astarang,Block,Summer,Paddy,12,44.23,531
2023-24,Puri,Nimapara,Block,Autumn,Paddy,,,
2023-24,Puri,Nimapara,Block,Winter,Paddy,13144,52.73,693148
2023-24,Puri,Nimapara,Block,Summer,Paddy,1545,52.79,81568
2023-24,Puri,Satyabadi,Block,Autumn,Paddy,,,
2023-24,Puri,Satyabadi,Block,Winter,Paddy,7943,38.46,305474
2023-24,Puri,Satyabadi,Block,Summer,Paddy,2584,50.16,129607
2023-24,Puri,Kanasa,Block,Autumn,Paddy,,,
2023-24,Puri,Kanasa,Block,Winter,Paddy,3946,25.08,98963
2023-24,Puri,Kanasa,Block,Summer,Paddy,7523,58.07,436837
2023-24,Puri,Delanga,Block,Autumn,Paddy,,,
2023-24,Puri,Delanga,Block,Winter,Paddy,10222,39.16,400298
2023-24,Puri,Delanga,Block,Summer,Paddy,1720,47.52,81736
2023-24,Puri,Pipili,Block,Autumn,Paddy,,,
2023-24,Puri,Pipili,Block,Winter,Paddy,11314,50.96,576599
2023-24,Puri,Pipili,Block,Summer,Paddy,411,48.45,19914
2023-24,Puri,Urban,Urban,Autumn,Paddy,,,
2023-24,Puri,Urban,Urban,Winter,Paddy,655,42.78,28024
2023-24,Puri,Urban,Urban,Summer,Paddy,340,51.6,17544
2023-24,Rayagada,Rayagada,Block,Autumn,Paddy,,,
2023-24,Rayagada,Rayagada,Block,Winter,Paddy,4146,41.99,174087
2023-24,Rayagada,Rayagada,Block,Summer,Paddy,52,44.1,2293
2023-24,Rayagada,Kashipur,Block,Autumn,Paddy,103,12.13,1249
2023-24,Rayagada,Kashipur,Block,Winter,Paddy,2370,32.89,77960
2023-24,Rayagada,Kashipur,Block,Summer,Paddy,242,32.49,7863
2023-24,Rayagada,Kalyansinghpur,Block,Autumn,Paddy,,,
2023-24,Rayagada,Kalyansinghpur,Block,Winter,Paddy,5796,45.76,265246
2023-24,Rayagada,Kalyansinghpur,Block,Summer,Paddy,,,
2023-24,Rayagada,Kolanara,Block,Autumn,Paddy,,,
2023-24,Rayagada,Kolanara,Block,Winter,Paddy,3578,43.7,156353
2023-24,Rayagada,Kolanara,Block,Summer,Paddy,53,34.99,1854
2023-24,Rayagada,Ramanguda,Block,Autumn,Paddy,,,
2023-24,Rayagada,Ramanguda,Block,Winter,Paddy,3873,46.63,180601
2023-24,Rayagada,Ramanguda,Block,Summer,Paddy,,,
2023-24,Rayagada,Gunupur,Block,Autumn,Paddy,,,
2023-24,Rayagada,Gunupur,Block,Winter,Paddy,5872,39.42,231462
2023-24,Rayagada,Gunupur,Block,Summer,Paddy,,,
2023-24,Rayagada,Padmapur,Block,Autumn,Paddy,,,
2023-24,Rayagada,Padmapur,Block,Winter,Paddy,9910,51.94,514767
2023-24,Rayagada,Padmapur,Block,Summer,Paddy,,,
2023-24,Rayagada,Godari,Block,Autumn,Paddy,,,
2023-24,Rayagada,Godari,Block,Winter,Paddy,4950,49.17,243369
2023-24,Rayagada,Godari,Block,Summer,Paddy,,,
2023-24,Rayagada,Muniguda,Block,Autumn,Paddy,,,
2023-24,Rayagada,Muniguda,Block,Winter,Paddy,3951,47.34,187041
2023-24,Rayagada,Muniguda,Block,Summer,Paddy,,,
2023-24,Rayagada,Chandrapur,Block,Autumn,Paddy,,,
2023-24,Rayagada,Chandrapur,Block,Winter,Paddy,2684,41.91,112481
2023-24,Rayagada,Chandrapur,Block,Summer,Paddy,,,
2023-24,Rayagada,Bisamcuttack,Block,Autumn,Paddy,,,
2023-24,Rayagada,Bisamcuttack,Block,Winter,Paddy,6936,48.03,333162
2023-24,Rayagada,Bisamcuttack,Block,Summer,Paddy,,,
2023-24,Rayagada,Urban,Urban,Autumn,Paddy,,,
2023-24,Rayagada,Urban,Urban,Winter,Paddy,341,43.22,14738
2023-24,Rayagada,Urban,Urban,Summer,Paddy,1,44.1,44
2023-24,Sambalpur,Dhanakauda,Block,Autumn,Paddy,667,40.78,27202
2023-24,Sambalpur,Dhanakauda,Block,Winter,Paddy,7568,54.58,413066
2023-24,Sambalpur,Dhanakauda,Block,Summer,Paddy,4600,60.33,277504
2023-24,Sambalpur,Maneswar,Block,Autumn,Paddy,2869,26.95,77310
2023-24,Sambalpur,Maneswar,Block,Winter,Paddy,5946,58.48,347719
2023-24,Sambalpur,Maneswar,Block,Summer,Paddy,3597,65.58,235885
2023-24,Sambalpur,Jujumura,Block,Autumn,Paddy,2800,29.17,81674
2023-24,Sambalpur,Jujumura,Block,Winter,Paddy,10709,49.55,530617
2023-24,Sambalpur,Jujumura,Block,Summer,Paddy,2888,58.7,169524
2023-24,Sambalpur,Rengali,Block,Autumn,Paddy,3280,33.42,109613
2023-24,Sambalpur,Rengali,Block,Winter,Paddy,9630,57.42,552931
2023-24,Sambalpur,Rengali,Block,Summer,Paddy,1473,60.63,89307
2023-24,Sambalpur,Rairakhol,Block,Autumn,Paddy,918,26.22,24068
2023-24,Sambalpur,Rairakhol,Block,Winter,Paddy,10486,48.85,512235
2023-24,Sambalpur,Rairakhol,Block,Summer,Paddy,,,
2023-24,Sambalpur,Naktideul,Block,Autumn,Paddy,2199,29.85,65644
2023-24,Sambalpur,Naktideul,Block,Winter,Paddy,7575,43.13,326733
2023-24,Sambalpur,Naktideul,Block,Summer,Paddy,43,43.06,1851
2023-24,Sambalpur,Jamankira,Block,Autumn,Paddy,4025,45.5,183150
2023-24,Sambalpur,Jamankira,Block,Winter,Paddy,14158,54.08,765653
2023-24,Sambalpur,Jamankira,Block,Summer,Paddy,248,47.73,11837
2023-24,Sambalpur,Kuchinda,Block,Autumn,Paddy,10833,38.89,421269
2023-24,Sambalpur,Kuchinda,Block,Winter,Paddy,4884,68.34,333767
2023-24,Sambalpur,Kuchinda,Block,Summer,Paddy,372,40.14,14932
2023-24,Sambalpur,Gobindapur,Block,Autumn,Paddy,3237,41.8,135304
2023-24,Sambalpur,Gobindapur,Block,Winter,Paddy,5247,58.95,309300
2023-24,Sambalpur,Gobindapur,Block,Summer,Paddy,,,
2023-24,Sambalpur,Urban,Urban,Autumn,Paddy,493,34.86,17188
2023-24,Sambalpur,Urban,Urban,Winter,Paddy,1722,61.75,106335
2023-24,Sambalpur,Urban,Urban,Summer,Paddy,200,59.66,11932
2023-24,Subarnapur,Tarabha,Block,Autumn,Paddy,375,44.08,16530
2023-24,Subarnapur,Tarabha,Block,Winter,Paddy,15263,51.23,781899
2023-24,Subarnapur,Tarabha,Block,Summer,Paddy,1057,51.9,54858
2023-24,Subarnapur,Dunguripalli,Block,Autumn,Paddy,,,
2023-24,Subarnapur,Dunguripalli,Block,Winter,Paddy,17870,65.66,1173394
2023-24,Subarnapur,Dunguripalli,Block,Summer,Paddy,14268,63.34,903798
2023-24,Subarnapur,Binika,Block,Autumn,Paddy,,,
2023-24,Subarnapur,Binika,Block,Winter,Paddy,16589,54.72,907776
2023-24,Subarnapur,Binika,Block,Summer,Paddy,16017,52.56,841841
2023-24,Subarnapur,Subarnapur,Block,Autumn,Paddy,1348,32.29,43530
2023-24,Subarnapur,Subarnapur,Block,Winter,Paddy,14312,45.6,652688
2023-24,Subarnapur,Subarnapur,Block,Summer,Paddy,3885,50.82,197453
2023-24,Subarnapur,Birmaharajpur,Block,Autumn,Paddy,4649,42.2,196169
2023-24,Subarnapur,Birmaharajpur,Block,Winter,Paddy,12695,52.11,661565
2023-24,Subarnapur,Birmaharajpur,Block,Summer,Paddy,654,50.63,33111
2023-24,Subarnapur,Ullunda,Block,Autumn,Paddy,604,42.63,25749
2023-24,Subarnapur,Ullunda,Block,Winter,Paddy,19248,52.17,1004102
2023-24,Subarnapur,Ullunda,Block,Summer,Paddy,4377,48.43,211959
2023-24,Subarnapur,Urban,Urban,Autumn,Paddy,45,37.84,1703
2023-24,Subarnapur,Urban,Urban,Winter,Paddy,1594,50.96,81228
2023-24,Subarnapur,Urban,Urban,Summer,Paddy,700,52.03,36422
2023-24,Sundargarh,Hemagiri,Block,Autumn,Paddy,2519,26.48,66713
2023-24,Sundargarh,Hemagiri,Block,Winter,Paddy,4564,45.35,206956
2023-24,Sundargarh,Hemagiri,Block,Summer,Paddy,75,35.34,2651
2023-24,Sundargarh,Lephripada,Block,Autumn,Paddy,4413,20.01,88306
2023-24,Sundargarh,Lephripada,Block,Winter,Paddy,12626,31,391353
2023-24,Sundargarh,Lephripada,Block,Summer,Paddy,38,21.59,820
2023-24,Sundargarh,Tangarpalli,Block,Autumn,Paddy,5153,28.62,147502
2023-24,Sundargarh,Tangarpalli,Block,Winter,Paddy,6527,40.26,262776
2023-24,Sundargarh,Tangarpalli,Block,Summer,Paddy,59,31.64,1867
2023-24,Sundargarh,Sng.Sadar,Block,Autumn,Paddy,5062,32.21,163031
2023-24,Sundargarh,Sng.Sadar,Block,Winter,Paddy,6992,49.09,343230
2023-24,Sundargarh,Sng.Sadar,Block,Summer,Paddy,46,22.63,1041
2023-24,Sundargarh,Sabadega,Block,Autumn,Paddy,4623,35.33,163325
2023-24,Sundargarh,Sabadega,Block,Winter,Paddy,8865,35.91,318316
2023-24,Sundargarh,Sabadega,Block,Summer,Paddy,2,5.47,11
2023-24,Sundargarh,Balisankara,Block,Autumn,Paddy,5451,21.96,119731
2023-24,Sundargarh,Balisankara,Block,Winter,Paddy,7486,34.08,255089
2023-24,Sundargarh,Balisankara,Block,Summer,Paddy,,,
2023-24,Sundargarh,Badagaon,Block,Autumn,Paddy,530,24.11,12777
2023-24,Sundargarh,Badagaon,Block,Winter,Paddy,4062,37.24,151261
2023-24,Sundargarh,Badagaon,Block,Summer,Paddy,,,
2023-24,Sundargarh,Kutura,Block,Autumn,Paddy,967,20.72,20034
2023-24,Sundargarh,Kutura,Block,Winter,Paddy,5403,32.94,177966
2023-24,Sundargarh,Kutura,Block,Summer,Paddy,23,22.85,525
2023-24,Sundargarh,Rajagangpur,Block,Autumn,Paddy,3592,27.85,100041
2023-24,Sundargarh,Rajagangpur,Block,Winter,Paddy,6728,31.61,212691
2023-24,Sundargarh,Rajagangpur,Block,Summer,Paddy,637,24.46,15580
2023-24,Sundargarh,Gurundia,Block,Autumn,Paddy,8793,29.7,261166
2023-24,Sundargarh,Gurundia,Block,Winter,Paddy,4713,36.87,173771
2023-24,Sundargarh,Gurundia,Block,Summer,Paddy,544,47.69,25942
2023-24,Sundargarh,Bonei,Block,Autumn,Paddy,2379,30,71379
2023-24,Sundargarh,Bonei,Block,Winter,Paddy,4048,42.59,172421
2023-24,Sundargarh,Bonei,Block,Summer,Paddy,,,
2023-24,Sundargarh,Lahunipada,Block,Autumn,Paddy,4248,31.39,133358
2023-24,Sundargarh,Lahunipada,Block,Winter,Paddy,5192,37.96,197104
2023-24,Sundargarh,Lahunipada,Block,Summer,Paddy,26,30.74,799
2023-24,Sundargarh,Lathikata,Block,Autumn,Paddy,2694,27.15,73147
2023-24,Sundargarh,Lathikata,Block,Winter,Paddy,10053,32.24,324148
2023-24,Sundargarh,Lathikata,Block,Summer,Paddy,217,25.44,5520
2023-24,Sundargarh,Kuanramunda,Block,Autumn,Paddy,5141,26.14,134409
2023-24,Sundargarh,Kuanramunda,Block,Winter,Paddy,6906,22.37,154475
2023-24,Sundargarh,Kuanramunda,Block,Summer,Paddy,,,
2023-24,Sundargarh,Nuagaon,Block,Autumn,Paddy,1463,19.61,28688
2023-24,Sundargarh,Nuagaon,Block,Winter,Paddy,12301,30.56,375888
2023-24,Sundargarh,Nuagaon,Block,Summer,Paddy,,,
2023-24,Sundargarh,Bishra,Block,Autumn,Paddy,4682,25.31,118498
2023-24,Sundargarh,Bishra,Block,Winter,Paddy,3111,27.35,85099
2023-24,Sundargarh,Bishra,Block,Summer,Paddy,,,
2023-24,Sundargarh,Koida,Block,Autumn,Paddy,3537,31.34,110856
2023-24,Sundargarh,Koida,Block,Winter,Paddy,3737,33.19,124025
2023-24,Sundargarh,Koida,Block,Summer,Paddy,62,26.06,1616
2023-24,Sundargarh,Urban,Urban,Autumn,Paddy,587,27.61,16207
2023-24,Sundargarh,Urban,Urban,Winter,Paddy,1327,32.4,42997
2023-24,Sundargarh,Urban,Urban,Summer,Paddy,47,23.71,1114
