Year,District,Season,Minor_Crop ,Area_ha,Yield_rate_qtl_per_ha,Production_qtls
2023-24,Angul,Autumn,Wheat,,,
2023-24,Angul,Autumn,Maize,290,27.86,8079
2023-24,Angul,Autumn,Ragi,384,8.73,3352
2023-24,Angul,Autumn,Mung,519,3.84,1993
2023-24,Angul,Autumn,Biri,638,4.05,2584
2023-24,Angul,Autumn,Kulthi,,,
2023-24,Angul,Autumn,Til,234,2.25,527
2023-24,Angul,Autumn,Groundnut,445,17.35,7721
2023-24,Angul,Autumn,Mustard,,,
2023-24,Angul,Autumn,Nizer,,,
2023-24,Angul,Autumn,Jute,,,
2023-24,Angul,Autumn,Potato,,,
2023-24,Angul,Autumn,Sugarcane,,,
2023-24,Angul,Summer,Wheat,,,
2023-24,Angul,Summer,Maize,33,36.35,1200
2023-24,Angul,Summer,Ragi,5,4.22,21
2023-24,Angul,Summer,Mung,432,3.9,1685
2023-24,Angul,Summer,Biri,346,4.09,1415
2023-24,Angul,Summer,Kulthi,,,
2023-24,Angul,Summer,Til,134,2.36,316
2023-24,Angul,Summer,Groundnut,925,19.05,17621
2023-24,Angul,Summer,Mustard,,,
2023-24,Angul,Summer,Nizer,,,
2023-24,Angul,Summer,Jute,,,
2023-24,Angul,Summer,Potato,,,
2023-24,Angul,Summer,Sugarcane,,,
2023-24,Angul,Winter,Wheat,,,
2023-24,Angul,Winter,Maize,18,35.17,633
2023-24,Angul,Winter,Ragi,354,6.6,2336
2023-24,Angul,Winter,Mung,2938,3.99,11723
2023-24,Angul,Winter,Biri,2409,4.24,10214
2023-24,Angul,Winter,Kulthi,2492,4.49,11189
2023-24,Angul,Winter,Til,400,2.01,804
2023-24,Angul,Winter,Groundnut,,,
2023-24,Angul,Winter,Mustard,898,2.56,2299
2023-24,Angul,Winter,Nizer,,,
2023-24,Angul,Winter,Jute,,,
2023-24,Angul,Winter,Potato,1627,174.72,284269
2023-24,Angul,Winter,Sugarcane,15,556.67,8350
2023-24,Balangir,Autumn,Wheat,,,
2023-24,Balangir,Autumn,Maize,1694,37.56,63620
2023-24,Balangir,Autumn,Ragi,1952,4.2,8198
2023-24,Balangir,Autumn,Mung,4341,3.74,16235
2023-24,Balangir,Autumn,Biri,2174,4.4,9566
2023-24,Balangir,Autumn,Kulthi,,,
2023-24,Balangir,Autumn,Til,275,2.07,569
2023-24,Balangir,Autumn,Groundnut,1942,21.14,41054
2023-24,Balangir,Autumn,Mustard,,,
2023-24,Balangir,Autumn,Nizer,,,
2023-24,Balangir,Autumn,Jute,,,
2023-24,Balangir,Autumn,Potato,,,
2023-24,Balangir,Autumn,Sugarcane,,,
2023-24,Balangir,Summer,Wheat,,,
2023-24,Balangir,Summer,Maize,16,29.09,465
2023-24,Balangir,Summer,Ragi,,,
2023-24,Balangir,Summer,Mung,7933,3.66,29035
2023-24,Balangir,Summer,Biri,1137,3.39,3854
2023-24,Balangir,Summer,Kulthi,,,
2023-24,Balangir,Summer,Til,12,1.14,14
2023-24,Balangir,Summer,Groundnut,547,22.76,12450
2023-24,Balangir,Summer,Mustard,,,
2023-24,Balangir,Summer,Nizer,,,
2023-24,Balangir,Summer,Jute,,,
2023-24,Balangir,Summer,Potato,,,
2023-24,Balangir,Summer,Sugarcane,,,
2023-24,Balangir,Winter,Wheat,,,
2023-24,Balangir,Winter,Maize,166,33.79,5609
2023-24,Balangir,Winter,Ragi,739,3.91,2889
2023-24,Balangir,Winter,Mung,8052,3.79,30517
2023-24,Balangir,Winter,Biri,3969,3.53,14011
2023-24,Balangir,Winter,Kulthi,3603,3.77,13583
2023-24,Balangir,Winter,Til,248,1.64,407
2023-24,Balangir,Winter,Groundnut,522,22.63,11813
2023-24,Balangir,Winter,Mustard,1918,1.6,3069
2023-24,Balangir,Winter,Nizer,,,
2023-24,Balangir,Winter,Jute,,,
2023-24,Balangir,Winter,Potato,80,135.5,10840
2023-24,Balangir,Winter,Sugarcane,70,534.2,37394
2023-24,Balasore,Autumn,Wheat,,,
2023-24,Balasore,Autumn,Maize,,,
2023-24,Balasore,Autumn,Ragi,,,
2023-24,Balasore,Autumn,Mung,,,
2023-24,Balasore,Autumn,Biri,,,
2023-24,Balasore,Autumn,Kulthi,,,
2023-24,Balasore,Autumn,Til,4,2.41,10
2023-24,Balasore,Autumn,Groundnut,,,
2023-24,Balasore,Autumn,Mustard,,,
2023-24,Balasore,Autumn,Nizer,,,
2023-24,Balasore,Autumn,Jute,863,24.66,21282
2023-24,Balasore,Autumn,Potato,,,
2023-24,Balasore,Autumn,Sugarcane,,,
2023-24,Balasore,Summer,Wheat,1,19,19
2023-24,Balasore,Summer,Maize,3,25.01,75
2023-24,Balasore,Summer,Ragi,143,6.55,937
2023-24,Balasore,Summer,Mung,2426,3.78,9170
2023-24,Balasore,Summer,Biri,1400,3.4,4760
2023-24,Balasore,Summer,Kulthi,,,
2023-24,Balasore,Summer,Til,501,3.05,1528
2023-24,Balasore,Summer,Groundnut,1123,15.14,17002
2023-24,Balasore,Summer,Mustard,,,
2023-24,Balasore,Summer,Nizer,,,
2023-24,Balasore,Summer,Jute,,,
2023-24,Balasore,Summer,Potato,,,
2023-24,Balasore,Summer,Sugarcane,,,
2023-24,Balasore,Winter,Wheat,,,
2023-24,Balasore,Winter,Maize,S,36.06,
2023-24,Balasore,Winter,Ragi,149,6.48,966
2023-24,Balasore,Winter,Mung,,,
2023-24,Balasore,Winter,Biri,,,
2023-24,Balasore,Winter,Kulthi,,,
2023-24,Balasore,Winter,Til,,,
2023-24,Balasore,Winter,Groundnut,,,
2023-24,Balasore,Winter,Mustard,1015,3.28,3329
2023-24,Balasore,Winter,Nizer,,,
2023-24,Balasore,Winter,Jute,,,
2023-24,Balasore,Winter,Potato,172,142.05,24433
2023-24,Balasore,Winter,Sugarcane,31,378,11718
2023-24,Bargarh,Autumn,Wheat,,,
2023-24,Bargarh,Autumn,Maize,71,20.25,1438
2023-24,Bargarh,Autumn,Ragi,6,5.1,31
2023-24,Bargarh,Autumn,Mung,4709,3.22,15163
2023-24,Bargarh,Autumn,Biri,1444,3.25,4693
2023-24,Bargarh,Autumn,Kulthi,,,
2023-24,Bargarh,Autumn,Til,22,3.19,70
2023-24,Bargarh,Autumn,Groundnut,3806,18.73,71286
2023-24,Bargarh,Autumn,Mustard,,,
2023-24,Bargarh,Autumn,Nizer,,,
2023-24,Bargarh,Autumn,Jute,,,
2023-24,Bargarh,Autumn,Potato,,,
2023-24,Bargarh,Autumn,Sugarcane,,,
2023-24,Bargarh,Summer,Wheat,40,18.68,747
2023-24,Bargarh,Summer,Maize,42,14.6,613
2023-24,Bargarh,Summer,Ragi,517,4.55,2352
2023-24,Bargarh,Summer,Mung,3815,4.29,16366
2023-24,Bargarh,Summer,Biri,389,4.39,1708
2023-24,Bargarh,Summer,Kulthi,,,
2023-24,Bargarh,Summer,Til,65,2.61,170
2023-24,Bargarh,Summer,Groundnut,3011,20.07,60431
2023-24,Bargarh,Summer,Mustard,,,
2023-24,Bargarh,Summer,Nizer,,,
2023-24,Bargarh,Summer,Jute,,,
2023-24,Bargarh,Summer,Potato,,,
2023-24,Bargarh,Summer,Sugarcane,,,
2023-24,Bargarh,Winter,Wheat,,,
2023-24,Bargarh,Winter,Maize,95,25.13,2387
2023-24,Bargarh,Winter,Ragi,3539,4.13,14616
2023-24,Bargarh,Winter,Mung,131,4.04,529
2023-24,Bargarh,Winter,Biri,1,3.51,4
2023-24,Bargarh,Winter,Kulthi,495,4.13,2044
2023-24,Bargarh,Winter,Til,55,3.27,180
2023-24,Bargarh,Winter,Groundnut,28,26.8,750
2023-24,Bargarh,Winter,Mustard,1763,3.73,6576
2023-24,Bargarh,Winter,Nizer,,,
2023-24,Bargarh,Winter,Jute,,,
2023-24,Bargarh,Winter,Potato,501,78.74,39449
2023-24,Bargarh,Winter,Sugarcane,29,1058.22,30688
2023-24,Bhadrak,Autumn,Wheat,,,
2023-24,Bhadrak,Autumn,Maize,,,
2023-24,Bhadrak,Autumn,Ragi,,,
2023-24,Bhadrak,Autumn,Mung,,,
2023-24,Bhadrak,Autumn,Biri,1,3.89,4
2023-24,Bhadrak,Autumn,Kulthi,,,
2023-24,Bhadrak,Autumn,Til,,,
2023-24,Bhadrak,Autumn,Groundnut,,,
2023-24,Bhadrak,Autumn,Mustard,,,
2023-24,Bhadrak,Autumn,Nizer,,,
2023-24,Bhadrak,Autumn,Jute,55,16.11,886
2023-24,Bhadrak,Autumn,Potato,,,
2023-24,Bhadrak,Autumn,Sugarcane,,,
2023-24,Bhadrak,Summer,Wheat,10,12.38,124
2023-24,Bhadrak,Summer,Maize,S,22.7,
2023-24,Bhadrak,Summer,Ragi,8,1.28,10
2023-24,Bhadrak,Summer,Mung,1186,3.6,4270
2023-24,Bhadrak,Summer,Biri,540,3.48,1879
2023-24,Bhadrak,Summer,Kulthi,4,3.25,13
2023-24,Bhadrak,Summer,Til,95,2.78,264
2023-24,Bhadrak,Summer,Groundnut,22,12.41,273
2023-24,Bhadrak,Summer,Mustard,,,
2023-24,Bhadrak,Summer,Nizer,,,
2023-24,Bhadrak,Summer,Jute,,,
2023-24,Bhadrak,Summer,Potato,,,
2023-24,Bhadrak,Summer,Sugarcane,,,
2023-24,Bhadrak,Winter,Wheat,,,
2023-24,Bhadrak,Winter,Maize,S,44.46,S
2023-24,Bhadrak,Winter,Ragi,6,2.72,16
2023-24,Bhadrak,Winter,Mung,,,
2023-24,Bhadrak,Winter,Biri,135,4.61,622
2023-24,Bhadrak,Winter,Kulthi,,,
2023-24,Bhadrak,Winter,Til,,,
2023-24,Bhadrak,Winter,Groundnut,,,
2023-24,Bhadrak,Winter,Mustard,68,5.15,350
2023-24,Bhadrak,Winter,Nizer,,,
2023-24,Bhadrak,Winter,Jute,,,
2023-24,Bhadrak,Winter,Potato,7,123.82,867
2023-24,Bhadrak,Winter,Sugarcane,8,310.4,2483
2023-24,Boudh,Autumn,Wheat,,,
2023-24,Boudh,Autumn,Maize,45,9.62,433
2023-24,Boudh,Autumn,Ragi,3,5.25,16
2023-24,Boudh,Autumn,Mung,76,1.98,150
2023-24,Boudh,Autumn,Biri,4,1.91,8
2023-24,Boudh,Autumn,Kulthi,,,
2023-24,Boudh,Autumn,Til,,,
2023-24,Boudh,Autumn,Groundnut,14,12.82,179
2023-24,Boudh,Autumn,Mustard,,,
2023-24,Boudh,Autumn,Nizer,,,
2023-24,Boudh,Autumn,Jute,,,
2023-24,Boudh,Autumn,Potato,,,
2023-24,Boudh,Autumn,Sugarcane,,,
2023-24,Boudh,Summer,Wheat,,,
2023-24,Boudh,Summer,Maize,S,10.63,
2023-24,Boudh,Summer,Ragi,2,6.45,13
2023-24,Boudh,Summer,Mung,1461,3.42,4997
2023-24,Boudh,Summer,Biri,26,2.37,62
2023-24,Boudh,Summer,Kulthi,,,
2023-24,Boudh,Summer,Til,4,1.8,7
2023-24,Boudh,Summer,Groundnut,18,10.71,193
2023-24,Boudh,Summer,Mustard,,,
2023-24,Boudh,Summer,Nizer,,,
2023-24,Boudh,Summer,Jute,,,
2023-24,Boudh,Summer,Potato,,,
2023-24,Boudh,Summer,Sugarcane,,,
2023-24,Boudh,Winter,Wheat,,,
2023-24,Boudh,Winter,Maize,3,8.67,26
2023-24,Boudh,Winter,Ragi,44,4.26,187
2023-24,Boudh,Winter,Mung,1027,2.43,2496
2023-24,Boudh,Winter,Biri,517,2.44,1261
2023-24,Boudh,Winter,Kulthi,855,2.51,2146
2023-24,Boudh,Winter,Til,51,1.53,78
2023-24,Boudh,Winter,Groundnut,2,8.32,17
2023-24,Boudh,Winter,Mustard,578,1.39,803
2023-24,Boudh,Winter,Nizer,,,
2023-24,Boudh,Winter,Jute,,,
2023-24,Boudh,Winter,Potato,114,59.47,6780
2023-24,Boudh,Winter,Sugarcane,2,514,1028
2023-24,Cuttack,Autumn,Wheat,,,
2023-24,Cuttack,Autumn,Maize,57,12.57,716
2023-24,Cuttack,Autumn,Ragi,183,11.39,2084
2023-24,Cuttack,Autumn,Mung,,,
2023-24,Cuttack,Autumn,Biri,,,
2023-24,Cuttack,Autumn,Kulthi,,,
2023-24,Cuttack,Autumn,Til,,,
2023-24,Cuttack,Autumn,Groundnut,284,17.22,4890
2023-24,Cuttack,Autumn,Mustard,,,
2023-24,Cuttack,Autumn,Nizer,,,
2023-24,Cuttack,Autumn,Jute,307,34.45,10576
2023-24,Cuttack,Autumn,Potato,,,
2023-24,Cuttack,Autumn,Sugarcane,,,
2023-24,Cuttack,Summer,Wheat,,,
2023-24,Cuttack,Summer,Maize,105,37.26,3912
2023-24,Cuttack,Summer,Ragi,,,
2023-24,Cuttack,Summer,Mung,28752,5.1,146635
2023-24,Cuttack,Summer,Biri,2118,5.2,11014
2023-24,Cuttack,Summer,Kulthi,5,5.24,26
2023-24,Cuttack,Summer,Til,63,2.09,132
2023-24,Cuttack,Summer,Groundnut,1266,24.14,30561
2023-24,Cuttack,Summer,Mustard,,,
2023-24,Cuttack,Summer,Nizer,,,
2023-24,Cuttack,Summer,Jute,,,
2023-24,Cuttack,Summer,Potato,,,
2023-24,Cuttack,Summer,Sugarcane,,,
2023-24,Cuttack,Winter,Wheat,,,
2023-24,Cuttack,Winter,Maize,37,39.04,1444
2023-24,Cuttack,Winter,Ragi,181,9.9,1792
2023-24,Cuttack,Winter,Mung,123,3.24,399
2023-24,Cuttack,Winter,Biri,10826,4.4,47634
2023-24,Cuttack,Winter,Kulthi,4000,4.68,18720
2023-24,Cuttack,Winter,Til,,,
2023-24,Cuttack,Winter,Groundnut,130,24.84,3229
2023-24,Cuttack,Winter,Mustard,135,2.3,311
2023-24,Cuttack,Winter,Nizer,,,
2023-24,Cuttack,Winter,Jute,,,
2023-24,Cuttack,Winter,Potato,681,166.47,113366
2023-24,Cuttack,Winter,Sugarcane,753,667,502251
2023-24,Deogarh,Autumn,Wheat,,,
2023-24,Deogarh,Autumn,Maize,108,21.18,2287
2023-24,Deogarh,Autumn,Ragi,,,
2023-24,Deogarh,Autumn,Mung,61,2.95,180
2023-24,Deogarh,Autumn,Biri,94,3.21,302
2023-24,Deogarh,Autumn,Kulthi,,,
2023-24,Deogarh,Autumn,Til,10,2.17,22
2023-24,Deogarh,Autumn,Groundnut,110,26.84,2952
2023-24,Deogarh,Autumn,Mustard,,,
2023-24,Deogarh,Autumn,Nizer,,,
2023-24,Deogarh,Autumn,Jute,,,
2023-24,Deogarh,Autumn,Potato,,,
2023-24,Deogarh,Autumn,Sugarcane,,,
2023-24,Deogarh,Summer,Wheat,S,15.29,
2023-24,Deogarh,Summer,Maize,7,19.94,140
2023-24,Deogarh,Summer,Ragi,1,1.62,2
2023-24,Deogarh,Summer,Mung,279,3.5,977
2023-24,Deogarh,Summer,Biri,48,3.89,187
2023-24,Deogarh,Summer,Kulthi,,,
2023-24,Deogarh,Summer,Til,201,2.66,535
2023-24,Deogarh,Summer,Groundnut,226,35.31,7980
2023-24,Deogarh,Summer,Mustard,,,
2023-24,Deogarh,Summer,Nizer,,,
2023-24,Deogarh,Summer,Jute,,,
2023-24,Deogarh,Summer,Potato,,,
2023-24,Deogarh,Summer,Sugarcane,,,
2023-24,Deogarh,Winter,Wheat,,,
2023-24,Deogarh,Winter,Maize,,,
2023-24,Deogarh,Winter,Ragi,50,4.39,220
2023-24,Deogarh,Winter,Mung,115,3.52,405
2023-24,Deogarh,Winter,Biri,51,3.73,190
2023-24,Deogarh,Winter,Kulthi,304,4.2,1277
2023-24,Deogarh,Winter,Til,349,2.24,782
2023-24,Deogarh,Winter,Groundnut,,,
2023-24,Deogarh,Winter,Mustard,387,2.49,964
2023-24,Deogarh,Winter,Nizer,,,
2023-24,Deogarh,Winter,Jute,,,
2023-24,Deogarh,Winter,Potato,368,111.46,41017
2023-24,Deogarh,Winter,Sugarcane,15,540.89,8113
2023-24,Dhenkanal,Autumn,Wheat,,,
2023-24,Dhenkanal,Autumn,Maize,89,20.55,1829
2023-24,Dhenkanal,Autumn,Ragi,255,7.23,1844
2023-24,Dhenkanal,Autumn,Mung,2,4.91,10
2023-24,Dhenkanal,Autumn,Biri,3,3.41,10
2023-24,Dhenkanal,Autumn,Kulthi,,,
2023-24,Dhenkanal,Autumn,Til,25,2.13,53
2023-24,Dhenkanal,Autumn,Groundnut,55,16.78,923
2023-24,Dhenkanal,Autumn,Mustard,,,
2023-24,Dhenkanal,Autumn,Nizer,,,
2023-24,Dhenkanal,Autumn,Jute,1,11.69,12
2023-24,Dhenkanal,Autumn,Potato,,,
2023-24,Dhenkanal,Autumn,Sugarcane,,,
2023-24,Dhenkanal,Summer,Wheat,41,21.22,870
2023-24,Dhenkanal,Summer,Maize,201,32.23,6478
2023-24,Dhenkanal,Summer,Ragi,35,7.66,268
2023-24,Dhenkanal,Summer,Mung,3273,5.81,19016
2023-24,Dhenkanal,Summer,Biri,65,5.84,380
2023-24,Dhenkanal,Summer,Kulthi,81,4.86,394
2023-24,Dhenkanal,Summer,Til,153,3.68,563
2023-24,Dhenkanal,Summer,Groundnut,433,26.24,11362
2023-24,Dhenkanal,Summer,Mustard,,,
2023-24,Dhenkanal,Summer,Nizer,,,
2023-24,Dhenkanal,Summer,Jute,,,
2023-24,Dhenkanal,Summer,Potato,,,
2023-24,Dhenkanal,Summer,Sugarcane,,,
2023-24,Dhenkanal,Winter,Wheat,,,
2023-24,Dhenkanal,Winter,Maize,144,34.43,4958
2023-24,Dhenkanal,Winter,Ragi,85,6.82,580
2023-24,Dhenkanal,Winter,Mung,330,5.89,1944
2023-24,Dhenkanal,Winter,Biri,2643,6.29,16624
2023-24,Dhenkanal,Winter,Kulthi,1015,5.46,5542
2023-24,Dhenkanal,Winter,Til,217,3.36,729
2023-24,Dhenkanal,Winter,Groundnut,719,24.52,17630
2023-24,Dhenkanal,Winter,Mustard,315,2.56,806
2023-24,Dhenkanal,Winter,Nizer,,,
2023-24,Dhenkanal,Winter,Jute,,,
2023-24,Dhenkanal,Winter,Potato,275,177.04,48686
2023-24,Dhenkanal,Winter,Sugarcane,436,706.24,307921
2023-24,Gajapati,Autumn,Wheat,,,
2023-24,Gajapati,Autumn,Maize,12919,24.95,322329
2023-24,Gajapati,Autumn,Ragi,1004,9.58,9618
2023-24,Gajapati,Autumn,Mung,,,
2023-24,Gajapati,Autumn,Biri,,,
2023-24,Gajapati,Autumn,Kulthi,,,
2023-24,Gajapati,Autumn,Til,,,
2023-24,Gajapati,Autumn,Groundnut,65,16.67,1084
2023-24,Gajapati,Autumn,Mustard,,,
2023-24,Gajapati,Autumn,Nizer,,,
2023-24,Gajapati,Autumn,Jute,,,
2023-24,Gajapati,Autumn,Potato,,,
2023-24,Gajapati,Autumn,Sugarcane,,,
2023-24,Gajapati,Summer,Wheat,,,
2023-24,Gajapati,Summer,Maize,19,21.11,401
2023-24,Gajapati,Summer,Ragi,111,8.59,953
2023-24,Gajapati,Summer,Mung,,,
2023-24,Gajapati,Summer,Biri,,,
2023-24,Gajapati,Summer,Kulthi,,,
2023-24,Gajapati,Summer,Til,2414,2.22,5359
2023-24,Gajapati,Summer,Groundnut,474,18.42,8731
2023-24,Gajapati,Summer,Mustard,,,
2023-24,Gajapati,Summer,Nizer,,,
2023-24,Gajapati,Summer,Jute,,,
2023-24,Gajapati,Summer,Potato,,,
2023-24,Gajapati,Summer,Sugarcane,,,
2023-24,Gajapati,Winter,Wheat,,,
2023-24,Gajapati,Winter,Maize,,,
2023-24,Gajapati,Winter,Ragi,,,
2023-24,Gajapati,Winter,Mung,1510,2.43,3669
2023-24,Gajapati,Winter,Biri,2206,2.4,5294
2023-24,Gajapati,Winter,Kulthi,263,2.43,639
2023-24,Gajapati,Winter,Til,S,1.52,
2023-24,Gajapati,Winter,Groundnut,,,
2023-24,Gajapati,Winter,Mustard,42,1.17,49
2023-24,Gajapati,Winter,Nizer,5,1.58,8
2023-24,Gajapati,Winter,Jute,,,
2023-24,Gajapati,Winter,Potato,4,35.58,142
2023-24,Gajapati,Winter,Sugarcane,,,
2023-24,Ganjam,Autumn,Wheat,,,
2023-24,Ganjam,Autumn,Maize,1021,27.09,27655
2023-24,Ganjam,Autumn,Ragi,1518,10.26,15575
2023-24,Ganjam,Autumn,Mung,,,
2023-24,Ganjam,Autumn,Biri,82,2.6,213
2023-24,Ganjam,Autumn,Kulthi,,,
2023-24,Ganjam,Autumn,Til,,,
2023-24,Ganjam,Autumn,Groundnut,213,17.42,3710
2023-24,Ganjam,Autumn,Mustard,,,
2023-24,Ganjam,Autumn,Nizer,,,
2023-24,Ganjam,Autumn,Jute,,,
2023-24,Ganjam,Autumn,Potato,,,
2023-24,Ganjam,Autumn,Sugarcane,,,
2023-24,Ganjam,Summer,Wheat,,,
2023-24,Ganjam,Summer,Maize,16,22.58,361
2023-24,Ganjam,Summer,Ragi,47,11.78,554
2023-24,Ganjam,Summer,Mung,,,
2023-24,Ganjam,Summer,Biri,,,
2023-24,Ganjam,Summer,Kulthi,,,
2023-24,Ganjam,Summer,Til,6783,1.69,11463
2023-24,Ganjam,Summer,Groundnut,1839,21.88,40237
2023-24,Ganjam,Summer,Mustard,,,
2023-24,Ganjam,Summer,Nizer,,,
2023-24,Ganjam,Summer,Jute,,,
2023-24,Ganjam,Summer,Potato,,,
2023-24,Ganjam,Summer,Sugarcane,,,
2023-24,Ganjam,Winter,Wheat,,,
2023-24,Ganjam,Winter,Maize,,,
2023-24,Ganjam,Winter,Ragi,,,
2023-24,Ganjam,Winter,Mung,61372,2.56,157112
2023-24,Ganjam,Winter,Biri,13257,2.44,32347
2023-24,Ganjam,Winter,Kulthi,1902,2.71,5154
2023-24,Ganjam,Winter,Til,,,
2023-24,Ganjam,Winter,Groundnut,,,
2023-24,Ganjam,Winter,Mustard,24,1.77,42
2023-24,Ganjam,Winter,Nizer,,,
2023-24,Ganjam,Winter,Jute,,,
2023-24,Ganjam,Winter,Potato,283,131.09,37098
2023-24,Ganjam,Winter,Sugarcane,310,800.14,248043
2023-24,Jagatsinghpur,Autumn,Wheat,,,
2023-24,Jagatsinghpur,Autumn,Maize,,,
2023-24,Jagatsinghpur,Autumn,Ragi,,,
2023-24,Jagatsinghpur,Autumn,Mung,,,
2023-24,Jagatsinghpur,Autumn,Biri,,,
2023-24,Jagatsinghpur,Autumn,Kulthi,,,
2023-24,Jagatsinghpur,Autumn,Til,,,
2023-24,Jagatsinghpur,Autumn,Groundnut,,,
2023-24,Jagatsinghpur,Autumn,Mustard,,,
2023-24,Jagatsinghpur,Autumn,Nizer,,,
2023-24,Jagatsinghpur,Autumn,Jute,,,
2023-24,Jagatsinghpur,Autumn,Potato,,,
2023-24,Jagatsinghpur,Autumn,Sugarcane,,,
2023-24,Jagatsinghpur,Summer,Wheat,,,
2023-24,Jagatsinghpur,Summer,Maize,S,29.3,
2023-24,Jagatsinghpur,Summer,Ragi,12,5.86,70
2023-24,Jagatsinghpur,Summer,Mung,37080,4.52,167602
2023-24,Jagatsinghpur,Summer,Biri,944,4.44,4191
2023-24,Jagatsinghpur,Summer,Kulthi,,,
2023-24,Jagatsinghpur,Summer,Til,1,3.51,4
2023-24,Jagatsinghpur,Summer,Groundnut,110,25.93,2852
2023-24,Jagatsinghpur,Summer,Mustard,,,
2023-24,Jagatsinghpur,Summer,Nizer,,,
2023-24,Jagatsinghpur,Summer,Jute,,,
2023-24,Jagatsinghpur,Summer,Potato,,,
2023-24,Jagatsinghpur,Summer,Sugarcane,,,
2023-24,Jagatsinghpur,Winter,Wheat,,,
2023-24,Jagatsinghpur,Winter,Maize,15,18.61,279
2023-24,Jagatsinghpur,Winter,Ragi,8,5.64,45
2023-24,Jagatsinghpur,Winter,Mung,,,
2023-24,Jagatsinghpur,Winter,Biri,440,4.34,1910
2023-24,Jagatsinghpur,Winter,Kulthi,323,4.44,1434
2023-24,Jagatsinghpur,Winter,Til,,,
2023-24,Jagatsinghpur,Winter,Groundnut,59,35.86,2116
2023-24,Jagatsinghpur,Winter,Mustard,69,2.2,152
2023-24,Jagatsinghpur,Winter,Nizer,,,
2023-24,Jagatsinghpur,Winter,Jute,,,
2023-24,Jagatsinghpur,Winter,Potato,116,131.64,15270
2023-24,Jagatsinghpur,Winter,Sugarcane,122,511,62342
2023-24,Jajpur,Autumn,Wheat,,,
2023-24,Jajpur,Autumn,Maize,5,21.85,109
2023-24,Jajpur,Autumn,Ragi,44,8.71,383
2023-24,Jajpur,Autumn,Mung,,,
2023-24,Jajpur,Autumn,Biri,,,
2023-24,Jajpur,Autumn,Kulthi,,,
2023-24,Jajpur,Autumn,Til,9,1.98,18
2023-24,Jajpur,Autumn,Groundnut,147,8.51,1251
2023-24,Jajpur,Autumn,Mustard,,,
2023-24,Jajpur,Autumn,Nizer,,,
2023-24,Jajpur,Autumn,Jute,787,24.78,19502
2023-24,Jajpur,Autumn,Potato,,,
2023-24,Jajpur,Autumn,Sugarcane,,,
2023-24,Jajpur,Summer,Wheat,,,
2023-24,Jajpur,Summer,Maize,12,17.78,213
2023-24,Jajpur,Summer,Ragi,,,
2023-24,Jajpur,Summer,Mung,8455,3.49,29508
2023-24,Jajpur,Summer,Biri,5,2.23,11
2023-24,Jajpur,Summer,Kulthi,,,
2023-24,Jajpur,Summer,Til,,,
2023-24,Jajpur,Summer,Groundnut,8847,19.94,176409
2023-24,Jajpur,Summer,Mustard,,,
2023-24,Jajpur,Summer,Nizer,,,
2023-24,Jajpur,Summer,Jute,,,
2023-24,Jajpur,Summer,Potato,,,
2023-24,Jajpur,Summer,Sugarcane,,,
2023-24,Jajpur,Winter,Wheat,,,
2023-24,Jajpur,Winter,Maize,1,13.49,13
2023-24,Jajpur,Winter,Ragi,7,11.79,83
2023-24,Jajpur,Winter,Mung,1,2.85,3
2023-24,Jajpur,Winter,Biri,7497,3.27,24515
2023-24,Jajpur,Winter,Kulthi,1907,2.59,4939
2023-24,Jajpur,Winter,Til,,,
2023-24,Jajpur,Winter,Groundnut,,,
2023-24,Jajpur,Winter,Mustard,416,1.15,478
2023-24,Jajpur,Winter,Nizer,,,
2023-24,Jajpur,Winter,Jute,,,
2023-24,Jajpur,Winter,Potato,581,120.6,70069
2023-24,Jajpur,Winter,Sugarcane,1102,465.8,513312
2023-24,Jharsuguda,Autumn,Wheat,,,
2023-24,Jharsuguda,Autumn,Maize,88,39.79,3502
2023-24,Jharsuguda,Autumn,Ragi,17,6.92,118
2023-24,Jharsuguda,Autumn,Mung,,,
2023-24,Jharsuguda,Autumn,Biri,,,
2023-24,Jharsuguda,Autumn,Kulthi,,,
2023-24,Jharsuguda,Autumn,Til,,,
2023-24,Jharsuguda,Autumn,Groundnut,15,14.11,212
2023-24,Jharsuguda,Autumn,Mustard,,,
2023-24,Jharsuguda,Autumn,Nizer,,,
2023-24,Jharsuguda,Autumn,Jute,,,
2023-24,Jharsuguda,Autumn,Potato,,,
2023-24,Jharsuguda,Autumn,Sugarcane,,,
2023-24,Jharsuguda,Summer,Wheat,5,3.87,19
2023-24,Jharsuguda,Summer,Maize,3,22.73,68
2023-24,Jharsuguda,Summer,Ragi,4,5.45,22
2023-24,Jharsuguda,Summer,Mung,862,3.71,3198
2023-24,Jharsuguda,Summer,Biri,46,2.71,125
2023-24,Jharsuguda,Summer,Kulthi,,,
2023-24,Jharsuguda,Summer,Til,1,4.5,5
2023-24,Jharsuguda,Summer,Groundnut,99,17.85,1767
2023-24,Jharsuguda,Summer,Mustard,,,
2023-24,Jharsuguda,Summer,Nizer,,,
2023-24,Jharsuguda,Summer,Jute,,,
2023-24,Jharsuguda,Summer,Potato,,,
2023-24,Jharsuguda,Summer,Sugarcane,,,
2023-24,Jharsuguda,Winter,Wheat,,,
2023-24,Jharsuguda,Winter,Maize,1,33.44,33
2023-24,Jharsuguda,Winter,Ragi,436,6.75,2943
2023-24,Jharsuguda,Winter,Mung,,,
2023-24,Jharsuguda,Winter,Biri,63,3.23,203
2023-24,Jharsuguda,Winter,Kulthi,232,3.14,728
2023-24,Jharsuguda,Winter,Til,416,3.09,1285
2023-24,Jharsuguda,Winter,Groundnut,,,
2023-24,Jharsuguda,Winter,Mustard,1011,3.36,3397
2023-24,Jharsuguda,Winter,Nizer,,,
2023-24,Jharsuguda,Winter,Jute,,,
2023-24,Jharsuguda,Winter,Potato,275,89.08,24497
2023-24,Jharsuguda,Winter,Sugarcane,20,1478.29,29566
2023-24,Kalahandi,Autumn,Wheat,,,
2023-24,Kalahandi,Autumn,Maize,1995,25.49,50846
2023-24,Kalahandi,Autumn,Ragi,211,5.17,1091
2023-24,Kalahandi,Autumn,Mung,,,
2023-24,Kalahandi,Autumn,Biri,4,3.24,13
2023-24,Kalahandi,Autumn,Kulthi,,,
2023-24,Kalahandi,Autumn,Til,,,
2023-24,Kalahandi,Autumn,Groundnut,1053,14.97,15763
2023-24,Kalahandi,Autumn,Mustard,,,
2023-24,Kalahandi,Autumn,Nizer,,,
2023-24,Kalahandi,Autumn,Jute,,,
2023-24,Kalahandi,Autumn,Potato,,,
2023-24,Kalahandi,Autumn,Sugarcane,,,
2023-24,Kalahandi,Summer,Wheat,,,
2023-24,Kalahandi,Summer,Maize,9,24.89,224
2023-24,Kalahandi,Summer,Ragi,,,
2023-24,Kalahandi,Summer,Mung,8164,6.28,51270
2023-24,Kalahandi,Summer,Biri,18,4.54,82
2023-24,Kalahandi,Summer,Kulthi,,,
2023-24,Kalahandi,Summer,Til,,,
2023-24,Kalahandi,Summer,Groundnut,541,15.46,8364
2023-24,Kalahandi,Summer,Mustard,,,
2023-24,Kalahandi,Summer,Nizer,,,
2023-24,Kalahandi,Summer,Jute,,,
2023-24,Kalahandi,Summer,Potato,,,
2023-24,Kalahandi,Summer,Sugarcane,,,
2023-24,Kalahandi,Winter,Wheat,,,
2023-24,Kalahandi,Winter,Maize,9,19.75,178
2023-24,Kalahandi,Winter,Ragi,1761,5.04,8875
2023-24,Kalahandi,Winter,Mung,4152,5.17,21466
2023-24,Kalahandi,Winter,Biri,4850,5.9,28615
2023-24,Kalahandi,Winter,Kulthi,3324,6.17,20509
2023-24,Kalahandi,Winter,Til,390,2.84,1108
2023-24,Kalahandi,Winter,Groundnut,14,13.67,191
2023-24,Kalahandi,Winter,Mustard,1232,2.66,3277
2023-24,Kalahandi,Winter,Nizer,815,3.32,2706
2023-24,Kalahandi,Winter,Jute,,,
2023-24,Kalahandi,Winter,Potato,,,
2023-24,Kalahandi,Winter,Sugarcane,246,609.23,149871
2023-24,Kandhamal,Autumn,Wheat,,,
2023-24,Kandhamal,Autumn,Maize,738,16.68,12309
2023-24,Kandhamal,Autumn,Ragi,,,
2023-24,Kandhamal,Autumn,Mung,1,3.45,3
2023-24,Kandhamal,Autumn,Biri,,,
2023-24,Kandhamal,Autumn,Kulthi,,,
2023-24,Kandhamal,Autumn,Til,,,
2023-24,Kandhamal,Autumn,Groundnut,24,8.76,210
2023-24,Kandhamal,Autumn,Mustard,,,
2023-24,Kandhamal,Autumn,Nizer,,,
2023-24,Kandhamal,Autumn,Jute,,,
2023-24,Kandhamal,Autumn,Potato,,,
2023-24,Kandhamal,Autumn,Sugarcane,,,
2023-24,Kandhamal,Summer,Wheat,S,11.83,
2023-24,Kandhamal,Summer,Maize,35,21.88,766
2023-24,Kandhamal,Summer,Ragi,12,6.08,73
2023-24,Kandhamal,Summer,Mung,,,
2023-24,Kandhamal,Summer,Biri,4,3.73,15
2023-24,Kandhamal,Summer,Kulthi,,,
2023-24,Kandhamal,Summer,Til,,,
2023-24,Kandhamal,Summer,Groundnut,26,15.26,397
2023-24,Kandhamal,Summer,Mustard,,,
2023-24,Kandhamal,Summer,Nizer,,,
2023-24,Kandhamal,Summer,Jute,,,
2023-24,Kandhamal,Summer,Potato,,,
2023-24,Kandhamal,Summer,Sugarcane,,,
2023-24,Kandhamal,Winter,Wheat,,,
2023-24,Kandhamal,Winter,Maize,12,15.33,184
2023-24,Kandhamal,Winter,Ragi,479,7.12,3410
2023-24,Kandhamal,Winter,Mung,49,3.5,172
2023-24,Kandhamal,Winter,Biri,1286,5.36,6893
2023-24,Kandhamal,Winter,Kulthi,548,5.6,3069
2023-24,Kandhamal,Winter,Til,4,2.5,10
2023-24,Kandhamal,Winter,Groundnut,59,13.88,819
2023-24,Kandhamal,Winter,Mustard,868,2.42,2101
2023-24,Kandhamal,Winter,Nizer,268,3.57,957
2023-24,Kandhamal,Winter,Jute,,,
2023-24,Kandhamal,Winter,Potato,590,89.11,52575
2023-24,Kandhamal,Winter,Sugarcane,2,788,1576
2023-24,Kendrapada,Autumn,Wheat,,,
2023-24,Kendrapada,Autumn,Maize,,,
2023-24,Kendrapada,Autumn,Ragi,4,5.24,21
2023-24,Kendrapada,Autumn,Mung,,,
2023-24,Kendrapada,Autumn,Biri,,,
2023-24,Kendrapada,Autumn,Kulthi,,,
2023-24,Kendrapada,Autumn,Til,,,
2023-24,Kendrapada,Autumn,Groundnut,2,17.45,35
2023-24,Kendrapada,Autumn,Mustard,,,
2023-24,Kendrapada,Autumn,Nizer,,,
2023-24,Kendrapada,Autumn,Jute,333,23.04,7672
2023-24,Kendrapada,Autumn,Potato,,,
2023-24,Kendrapada,Autumn,Sugarcane,,,
2023-24,Kendrapada,Summer,Wheat,S,10.85,
2023-24,Kendrapada,Summer,Maize,3,22.75,68
2023-24,Kendrapada,Summer,Ragi,6,8.45,51
2023-24,Kendrapada,Summer,Mung,22265,4.29,95517
2023-24,Kendrapada,Summer,Biri,1748,4,6992
2023-24,Kendrapada,Summer,Kulthi,,,
2023-24,Kendrapada,Summer,Til,40,3.52,141
2023-24,Kendrapada,Summer,Groundnut,220,22.86,5029
2023-24,Kendrapada,Summer,Mustard,,,
2023-24,Kendrapada,Summer,Nizer,,,
2023-24,Kendrapada,Summer,Jute,,,
2023-24,Kendrapada,Summer,Potato,,,
2023-24,Kendrapada,Summer,Sugarcane,,,
2023-24,Kendrapada,Winter,Wheat,,,
2023-24,Kendrapada,Winter,Maize,,,
2023-24,Kendrapada,Winter,Ragi,2,8.22,16
2023-24,Kendrapada,Winter,Mung,S,10.49,
2023-24,Kendrapada,Winter,Biri,6058,4.73,28654
2023-24,Kendrapada,Winter,Kulthi,290,4.63,1343
2023-24,Kendrapada,Winter,Til,,,
2023-24,Kendrapada,Winter,Groundnut,1,40.04,40
2023-24,Kendrapada,Winter,Mustard,130,2.36,307
2023-24,Kendrapada,Winter,Nizer,,,
2023-24,Kendrapada,Winter,Jute,,,
2023-24,Kendrapada,Winter,Potato,179,155.02,27749
2023-24,Kendrapada,Winter,Sugarcane,58,538,31204
2023-24,Keonjhar,Autumn,Wheat,,,
2023-24,Keonjhar,Autumn,Maize,2449,34.57,84673
2023-24,Keonjhar,Autumn,Ragi,1165,9.63,11219
2023-24,Keonjhar,Autumn,Mung,45,2.98,134
2023-24,Keonjhar,Autumn,Biri,449,3.38,1518
2023-24,Keonjhar,Autumn,Kulthi,,,
2023-24,Keonjhar,Autumn,Til,396,3.65,1445
2023-24,Keonjhar,Autumn,Groundnut,514,13.32,6846
2023-24,Keonjhar,Autumn,Mustard,,,
2023-24,Keonjhar,Autumn,Nizer,,,
2023-24,Keonjhar,Autumn,Jute,432,29.73,12843
2023-24,Keonjhar,Autumn,Potato,,,
2023-24,Keonjhar,Autumn,Sugarcane,,,
2023-24,Keonjhar,Summer,Wheat,,,
2023-24,Keonjhar,Summer,Maize,15,38.87,583
2023-24,Keonjhar,Summer,Ragi,14,4.25,60
2023-24,Keonjhar,Summer,Mung,257,5.68,1460
2023-24,Keonjhar,Summer,Biri,82,5.13,421
2023-24,Keonjhar,Summer,Kulthi,,,
2023-24,Keonjhar,Summer,Til,267,3.21,857
2023-24,Keonjhar,Summer,Groundnut,133,8.22,1093
2023-24,Keonjhar,Summer,Mustard,,,
2023-24,Keonjhar,Summer,Nizer,,,
2023-24,Keonjhar,Summer,Jute,,,
2023-24,Keonjhar,Summer,Potato,,,
2023-24,Keonjhar,Summer,Sugarcane,,,
2023-24,Keonjhar,Winter,Wheat,,,
2023-24,Keonjhar,Winter,Maize,338,16.04,5422
2023-24,Keonjhar,Winter,Ragi,102,10.72,1093
2023-24,Keonjhar,Winter,Mung,885,5.86,5186
2023-24,Keonjhar,Winter,Biri,369,6.85,2528
2023-24,Keonjhar,Winter,Kulthi,1807,4.02,7264
2023-24,Keonjhar,Winter,Til,17,4.02,68
2023-24,Keonjhar,Winter,Groundnut,22,24.56,540
2023-24,Keonjhar,Winter,Mustard,2407,4.51,10856
2023-24,Keonjhar,Winter,Nizer,1681,2.51,4219
2023-24,Keonjhar,Winter,Jute,,,
2023-24,Keonjhar,Winter,Potato,1214,145.87,177086
2023-24,Keonjhar,Winter,Sugarcane,2,428,856
2023-24,Khurda,Autumn,Wheat,,,
2023-24,Khurda,Autumn,Maize,7,14.62,102
2023-24,Khurda,Autumn,Ragi,,,
2023-24,Khurda,Autumn,Mung,,,
2023-24,Khurda,Autumn,Biri,S,3.51,
2023-24,Khurda,Autumn,Kulthi,,,
2023-24,Khurda,Autumn,Til,S,2.96,S
2023-24,Khurda,Autumn,Groundnut,,,
2023-24,Khurda,Autumn,Mustard,,,
2023-24,Khurda,Autumn,Nizer,,,
2023-24,Khurda,Autumn,Jute,,,
2023-24,Khurda,Autumn,Potato,,,
2023-24,Khurda,Autumn,Sugarcane,,,
2023-24,Khurda,Summer,Wheat,S,4.24,
2023-24,Khurda,Summer,Maize,1,45.01,45
2023-24,Khurda,Summer,Ragi,11,17.95,197
2023-24,Khurda,Summer,Mung,11178,4.68,52313
2023-24,Khurda,Summer,Biri,1360,4.8,6528
2023-24,Khurda,Summer,Kulthi,27,4.71,127
2023-24,Khurda,Summer,Til,110,3.1,341
2023-24,Khurda,Summer,Groundnut,86,24,2064
2023-24,Khurda,Summer,Mustard,,,
2023-24,Khurda,Summer,Nizer,,,
2023-24,Khurda,Summer,Jute,,,
2023-24,Khurda,Summer,Potato,,,
2023-24,Khurda,Summer,Sugarcane,,,
2023-24,Khurda,Winter,Wheat,,,
2023-24,Khurda,Winter,Maize,,,
2023-24,Khurda,Winter,Ragi,29,4.12,119
2023-24,Khurda,Winter,Mung,1,4.27,4
2023-24,Khurda,Winter,Biri,349,4.09,1427
2023-24,Khurda,Winter,Kulthi,151,5.14,776
2023-24,Khurda,Winter,Til,1,3.29,3
2023-24,Khurda,Winter,Groundnut,,,
2023-24,Khurda,Winter,Mustard,49,1.85,91
2023-24,Khurda,Winter,Nizer,,,
2023-24,Khurda,Winter,Jute,,,
2023-24,Khurda,Winter,Potato,114,200.54,22862
2023-24,Khurda,Winter,Sugarcane,20,865.33,17307
2023-24,Koraput,Autumn,Wheat,,,
2023-24,Koraput,Autumn,Maize,2463,24.9,61320
2023-24,Koraput,Autumn,Ragi,1911,9.3,17772
2023-24,Koraput,Autumn,Mung,,,
2023-24,Koraput,Autumn,Biri,,,
2023-24,Koraput,Autumn,Kulthi,,,
2023-24,Koraput,Autumn,Til,,,
2023-24,Koraput,Autumn,Groundnut,787,17.86,14056
2023-24,Koraput,Autumn,Mustard,,,
2023-24,Koraput,Autumn,Nizer,,,
2023-24,Koraput,Autumn,Jute,,,
2023-24,Koraput,Autumn,Potato,,,
2023-24,Koraput,Autumn,Sugarcane,,,
2023-24,Koraput,Summer,Wheat,,,
2023-24,Koraput,Summer,Maize,653,22.18,14482
2023-24,Koraput,Summer,Ragi,95,10.61,1008
2023-24,Koraput,Summer,Mung,81,3.5,284
2023-24,Koraput,Summer,Biri,51,2.42,123
2023-24,Koraput,Summer,Kulthi,,,
2023-24,Koraput,Summer,Til,,,
2023-24,Koraput,Summer,Groundnut,198,19.84,3928
2023-24,Koraput,Summer,Mustard,,,
2023-24,Koraput,Summer,Nizer,,,
2023-24,Koraput,Summer,Jute,,,
2023-24,Koraput,Summer,Potato,,,
2023-24,Koraput,Summer,Sugarcane,,,
2023-24,Koraput,Winter,Wheat,,,
2023-24,Koraput,Winter,Maize,,,
2023-24,Koraput,Winter,Ragi,24791,10.81,267991
2023-24,Koraput,Winter,Mung,604,3.7,2235
2023-24,Koraput,Winter,Biri,2649,3.85,10199
2023-24,Koraput,Winter,Kulthi,2805,3.97,11136
2023-24,Koraput,Winter,Til,208,2,416
2023-24,Koraput,Winter,Groundnut,729,23.35,17022
2023-24,Koraput,Winter,Mustard,556,2.13,1184
2023-24,Koraput,Winter,Nizer,7967,3.18,25335
2023-24,Koraput,Winter,Jute,,,
2023-24,Koraput,Winter,Potato,2224,73.89,164331
2023-24,Koraput,Winter,Sugarcane,667,624.11,416281
2023-24,Malkangiri,Autumn,Wheat,,,
2023-24,Malkangiri,Autumn,Maize,793,18.94,15016
2023-24,Malkangiri,Autumn,Ragi,,,
2023-24,Malkangiri,Autumn,Mung,,,
2023-24,Malkangiri,Autumn,Biri,,,
2023-24,Malkangiri,Autumn,Kulthi,,,
2023-24,Malkangiri,Autumn,Til,,,
2023-24,Malkangiri,Autumn,Groundnut,,,
2023-24,Malkangiri,Autumn,Mustard,,,
2023-24,Malkangiri,Autumn,Nizer,,,
2023-24,Malkangiri,Autumn,Jute,,,
2023-24,Malkangiri,Autumn,Potato,,,
2023-24,Malkangiri,Autumn,Sugarcane,,,
2023-24,Malkangiri,Summer,Wheat,,,
2023-24,Malkangiri,Summer,Maize,17,10.28,175
2023-24,Malkangiri,Summer,Ragi,,,
2023-24,Malkangiri,Summer,Mung,,,
2023-24,Malkangiri,Summer,Biri,,,
2023-24,Malkangiri,Summer,Kulthi,,,
2023-24,Malkangiri,Summer,Til,,,
2023-24,Malkangiri,Summer,Groundnut,2342,30.43,71267
2023-24,Malkangiri,Summer,Mustard,,,
2023-24,Malkangiri,Summer,Nizer,,,
2023-24,Malkangiri,Summer,Jute,,,
2023-24,Malkangiri,Summer,Potato,,,
2023-24,Malkangiri,Summer,Sugarcane,,,
2023-24,Malkangiri,Winter,Wheat,,,
2023-24,Malkangiri,Winter,Maize,,,
2023-24,Malkangiri,Winter,Ragi,2335,12.28,28674
2023-24,Malkangiri,Winter,Mung,311,3.94,1225
2023-24,Malkangiri,Winter,Biri,1699,3.46,5879
2023-24,Malkangiri,Winter,Kulthi,972,3.23,3140
2023-24,Malkangiri,Winter,Til,3924,2.76,10830
2023-24,Malkangiri,Winter,Groundnut,,,
2023-24,Malkangiri,Winter,Mustard,,,
2023-24,Malkangiri,Winter,Nizer,152,2.19,333
2023-24,Malkangiri,Winter,Jute,,,
2023-24,Malkangiri,Winter,Potato,,,
2023-24,Malkangiri,Winter,Sugarcane,,,
2023-24,Mayurbhanja,Autumn,Wheat,,,
2023-24,Mayurbhanja,Autumn,Maize,194,20.74,4024
2023-24,Mayurbhanja,Autumn,Ragi,38,7.46,283
2023-24,Mayurbhanja,Autumn,Mung,2,6.02,12
2023-24,Mayurbhanja,Autumn,Biri,92,5.77,531
2023-24,Mayurbhanja,Autumn,Kulthi,,,
2023-24,Mayurbhanja,Autumn,Til,8,3.19,26
2023-24,Mayurbhanja,Autumn,Groundnut,34,10.23,348
2023-24,Mayurbhanja,Autumn,Mustard,,,
2023-24,Mayurbhanja,Autumn,Nizer,,,
2023-24,Mayurbhanja,Autumn,Jute,,,
2023-24,Mayurbhanja,Autumn,Potato,,,
2023-24,Mayurbhanja,Autumn,Sugarcane,,,
2023-24,Mayurbhanja,Summer,Wheat,118,20.18,2381
2023-24,Mayurbhanja,Summer,Maize,41,25.44,1043
2023-24,Mayurbhanja,Summer,Ragi,64,7.66,490
2023-24,Mayurbhanja,Summer,Mung,2561,5.29,13548
2023-24,Mayurbhanja,Summer,Biri,170,4.59,780
2023-24,Mayurbhanja,Summer,Kulthi,,,
2023-24,Mayurbhanja,Summer,Til,157,4.19,658
2023-24,Mayurbhanja,Summer,Groundnut,2010,19.79,39778
2023-24,Mayurbhanja,Summer,Mustard,,,
2023-24,Mayurbhanja,Summer,Nizer,,,
2023-24,Mayurbhanja,Summer,Jute,,,
2023-24,Mayurbhanja,Summer,Potato,,,
2023-24,Mayurbhanja,Summer,Sugarcane,,,
2023-24,Mayurbhanja,Winter,Wheat,,,
2023-24,Mayurbhanja,Winter,Maize,14,22,308
2023-24,Mayurbhanja,Winter,Ragi,58,14.08,817
2023-24,Mayurbhanja,Winter,Mung,40,6.11,244
2023-24,Mayurbhanja,Winter,Biri,28,5.7,160
2023-24,Mayurbhanja,Winter,Kulthi,65,4.91,319
2023-24,Mayurbhanja,Winter,Til,,,
2023-24,Mayurbhanja,Winter,Groundnut,,,
2023-24,Mayurbhanja,Winter,Mustard,800,4.78,3824
2023-24,Mayurbhanja,Winter,Nizer,6,3.07,18
2023-24,Mayurbhanja,Winter,Jute,,,
2023-24,Mayurbhanja,Winter,Potato,107,101.02,10809
2023-24,Mayurbhanja,Winter,Sugarcane,,,
2023-24,Nawarangpur,Autumn,Wheat,,,
2023-24,Nawarangpur,Autumn,Maize,51546,40.44,2084520
2023-24,Nawarangpur,Autumn,Ragi,2284,4.08,9319
2023-24,Nawarangpur,Autumn,Mung,,,
2023-24,Nawarangpur,Autumn,Biri,,,
2023-24,Nawarangpur,Autumn,Kulthi,,,
2023-24,Nawarangpur,Autumn,Til,,,
2023-24,Nawarangpur,Autumn,Groundnut,259,9.82,2543
2023-24,Nawarangpur,Autumn,Mustard,,,
2023-24,Nawarangpur,Autumn,Nizer,,,
2023-24,Nawarangpur,Autumn,Jute,,,
2023-24,Nawarangpur,Autumn,Potato,,,
2023-24,Nawarangpur,Autumn,Sugarcane,,,
2023-24,Nawarangpur,Summer,Wheat,,,
2023-24,Nawarangpur,Summer,Maize,6764,36.29,245466
2023-24,Nawarangpur,Summer,Ragi,56,8.59,481
2023-24,Nawarangpur,Summer,Mung,62,7.81,484
2023-24,Nawarangpur,Summer,Biri,35,8.7,305
2023-24,Nawarangpur,Summer,Kulthi,,,
2023-24,Nawarangpur,Summer,Til,,,
2023-24,Nawarangpur,Summer,Groundnut,,,
2023-24,Nawarangpur,Summer,Mustard,,,
2023-24,Nawarangpur,Summer,Nizer,,,
2023-24,Nawarangpur,Summer,Jute,,,
2023-24,Nawarangpur,Summer,Potato,,,
2023-24,Nawarangpur,Summer,Sugarcane,,,
2023-24,Nawarangpur,Winter,Wheat,,,
2023-24,Nawarangpur,Winter,Maize,,,
2023-24,Nawarangpur,Winter,Ragi,2540,4.56,11582
2023-24,Nawarangpur,Winter,Mung,,,
2023-24,Nawarangpur,Winter,Biri,5956,8.03,47827
2023-24,Nawarangpur,Winter,Kulthi,4490,7.94,35651
2023-24,Nawarangpur,Winter,Til,,,
2023-24,Nawarangpur,Winter,Groundnut,,,
2023-24,Nawarangpur,Winter,Mustard,,,
2023-24,Nawarangpur,Winter,Nizer,116,3.37,391
2023-24,Nawarangpur,Winter,Jute,,,
2023-24,Nawarangpur,Winter,Potato,223,105.29,23480
2023-24,Nawarangpur,Winter,Sugarcane,2530,460.44,1164913
2023-24,Nayagada,Autumn,Wheat,,,
2023-24,Nayagada,Autumn,Maize,156,30.08,4693
2023-24,Nayagada,Autumn,Ragi,76,9.64,733
2023-24,Nayagada,Autumn,Mung,,,
2023-24,Nayagada,Autumn,Biri,,,
2023-24,Nayagada,Autumn,Kulthi,,,
2023-24,Nayagada,Autumn,Til,,,
2023-24,Nayagada,Autumn,Groundnut,114,13.06,1489
2023-24,Nayagada,Autumn,Mustard,,,
2023-24,Nayagada,Autumn,Nizer,,,
2023-24,Nayagada,Autumn,Jute,,,
2023-24,Nayagada,Autumn,Potato,,,
2023-24,Nayagada,Autumn,Sugarcane,,,
2023-24,Nayagada,Summer,Wheat,1,4.16,4
2023-24,Nayagada,Summer,Maize,82,30.26,2481
2023-24,Nayagada,Summer,Ragi,71,5.67,403
2023-24,Nayagada,Summer,Mung,41786,4.23,176755
2023-24,Nayagada,Summer,Biri,2805,3.9,10940
2023-24,Nayagada,Summer,Kulthi,66,3.15,208
2023-24,Nayagada,Summer,Til,277,2.61,723
2023-24,Nayagada,Summer,Groundnut,68,15.99,1087
2023-24,Nayagada,Summer,Mustard,,,
2023-24,Nayagada,Summer,Nizer,,,
2023-24,Nayagada,Summer,Jute,,,
2023-24,Nayagada,Summer,Potato,,,
2023-24,Nayagada,Summer,Sugarcane,,,
2023-24,Nayagada,Winter,Wheat,,,
2023-24,Nayagada,Winter,Maize,32,41.59,1331
2023-24,Nayagada,Winter,Ragi,1133,6.43,7285
2023-24,Nayagada,Winter,Mung,2256,3.54,7986
2023-24,Nayagada,Winter,Biri,2319,3.27,7583
2023-24,Nayagada,Winter,Kulthi,1492,3.81,5685
2023-24,Nayagada,Winter,Til,183,2.29,419
2023-24,Nayagada,Winter,Groundnut,36,14.71,530
2023-24,Nayagada,Winter,Mustard,284,1.96,557
2023-24,Nayagada,Winter,Nizer,,,
2023-24,Nayagada,Winter,Jute,,,
2023-24,Nayagada,Winter,Potato,21,191.36,4019
2023-24,Nayagada,Winter,Sugarcane,565,718.97,406218
2023-24,Nuapada,Autumn,Wheat,,,
2023-24,Nuapada,Autumn,Maize,1588,19.17,30442
2023-24,Nuapada,Autumn,Ragi,1375,6.51,8951
2023-24,Nuapada,Autumn,Mung,2177,1.57,3418
2023-24,Nuapada,Autumn,Biri,2740,1.73,4740
2023-24,Nuapada,Autumn,Kulthi,,,
2023-24,Nuapada,Autumn,Til,817,1.09,891
2023-24,Nuapada,Autumn,Groundnut,1355,14.18,19214
2023-24,Nuapada,Autumn,Mustard,,,
2023-24,Nuapada,Autumn,Nizer,,,
2023-24,Nuapada,Autumn,Jute,,,
2023-24,Nuapada,Autumn,Potato,,,
2023-24,Nuapada,Autumn,Sugarcane,,,
2023-24,Nuapada,Summer,Wheat,,,
2023-24,Nuapada,Summer,Maize,1,8.61,9
2023-24,Nuapada,Summer,Ragi,,,
2023-24,Nuapada,Summer,Mung,4210,3.25,13683
2023-24,Nuapada,Summer,Biri,,,
2023-24,Nuapada,Summer,Kulthi,,,
2023-24,Nuapada,Summer,Til,,,
2023-24,Nuapada,Summer,Groundnut,735,20.6,15141
2023-24,Nuapada,Summer,Mustard,,,
2023-24,Nuapada,Summer,Nizer,,,
2023-24,Nuapada,Summer,Jute,,,
2023-24,Nuapada,Summer,Potato,,,
2023-24,Nuapada,Summer,Sugarcane,,,
2023-24,Nuapada,Winter,Wheat,,,
2023-24,Nuapada,Winter,Maize,,,
2023-24,Nuapada,Winter,Ragi,,,
2023-24,Nuapada,Winter,Mung,173,3.45,597
2023-24,Nuapada,Winter,Biri,169,3.52,595
2023-24,Nuapada,Winter,Kulthi,2017,2.07,4175
2023-24,Nuapada,Winter,Til,78,1.39,108
2023-24,Nuapada,Winter,Groundnut,,,
2023-24,Nuapada,Winter,Mustard,634,1.62,1027
2023-24,Nuapada,Winter,Nizer,,,
2023-24,Nuapada,Winter,Jute,,,
2023-24,Nuapada,Winter,Potato,350,50.65,17728
2023-24,Nuapada,Winter,Sugarcane,9,452,4068
2023-24,Puri,Autumn,Wheat,,,
2023-24,Puri,Autumn,Maize,,,
2023-24,Puri,Autumn,Ragi,,,
2023-24,Puri,Autumn,Mung,,,
2023-24,Puri,Autumn,Biri,,,
2023-24,Puri,Autumn,Kulthi,,,
2023-24,Puri,Autumn,Til,,,
2023-24,Puri,Autumn,Groundnut,,,
2023-24,Puri,Autumn,Mustard,,,
2023-24,Puri,Autumn,Nizer,,,
2023-24,Puri,Autumn,Jute,,,
2023-24,Puri,Autumn,Potato,,,
2023-24,Puri,Autumn,Sugarcane,,,
2023-24,Puri,Summer,Wheat,,,
2023-24,Puri,Summer,Maize,6,19.83,119
2023-24,Puri,Summer,Ragi,7,8.48,59
2023-24,Puri,Summer,Mung,21151,4.37,92430
2023-24,Puri,Summer,Biri,6322,4.53,28639
2023-24,Puri,Summer,Kulthi,,,
2023-24,Puri,Summer,Til,165,3.15,520
2023-24,Puri,Summer,Groundnut,2384,22.4,53402
2023-24,Puri,Summer,Mustard,,,
2023-24,Puri,Summer,Nizer,,,
2023-24,Puri,Summer,Jute,,,
2023-24,Puri,Summer,Potato,,,
2023-24,Puri,Summer,Sugarcane,,,
2023-24,Puri,Winter,Wheat,,,
2023-24,Puri,Winter,Maize,,,
2023-24,Puri,Winter,Ragi,S,6.71,
2023-24,Puri,Winter,Mung,,,
2023-24,Puri,Winter,Biri,430,3.99,1716
2023-24,Puri,Winter,Kulthi,499,4.38,2186
2023-24,Puri,Winter,Til,,,
2023-24,Puri,Winter,Groundnut,,,
2023-24,Puri,Winter,Mustard,41,2.57,105
2023-24,Puri,Winter,Nizer,,,
2023-24,Puri,Winter,Jute,,,
2023-24,Puri,Winter,Potato,155,134.22,20804
2023-24,Puri,Winter,Sugarcane,26,531,13806
2023-24,Raygada,Autumn,Wheat,,,
2023-24,Raygada,Autumn,Maize,2401,18.52,44465
2023-24,Raygada,Autumn,Ragi,804,6.84,5499
2023-24,Raygada,Autumn,Mung,,,
2023-24,Raygada,Autumn,Biri,,,
2023-24,Raygada,Autumn,Kulthi,,,
2023-24,Raygada,Autumn,Til,,,
2023-24,Raygada,Autumn,Groundnut,111,13.56,1505
2023-24,Raygada,Autumn,Mustard,,,
2023-24,Raygada,Autumn,Nizer,,,
2023-24,Raygada,Autumn,Jute,,,
2023-24,Raygada,Autumn,Potato,,,
2023-24,Raygada,Autumn,Sugarcane,,,
2023-24,Raygada,Summer,Wheat,,,
2023-24,Raygada,Summer,Maize,35,21.62,757
2023-24,Raygada,Summer,Ragi,18,8.55,154
2023-24,Raygada,Summer,Mung,2,3.39,7
2023-24,Raygada,Summer,Biri,26,2.96,77
2023-24,Raygada,Summer,Kulthi,,,
2023-24,Raygada,Summer,Til,48,3.11,149
2023-24,Raygada,Summer,Groundnut,57,19.78,1127
2023-24,Raygada,Summer,Mustard,,,
2023-24,Raygada,Summer,Nizer,,,
2023-24,Raygada,Summer,Jute,,,
2023-24,Raygada,Summer,Potato,,,
2023-24,Raygada,Summer,Sugarcane,,,
2023-24,Raygada,Winter,Wheat,,,
2023-24,Raygada,Winter,Maize,14,15.36,215
2023-24,Raygada,Winter,Ragi,10835,8.12,87980
2023-24,Raygada,Winter,Mung,1493,3.17,4733
2023-24,Raygada,Winter,Biri,4298,2.81,12077
2023-24,Raygada,Winter,Kulthi,2206,3.49,7699
2023-24,Raygada,Winter,Til,1651,2.79,4606
2023-24,Raygada,Winter,Groundnut,880,12.37,10886
2023-24,Raygada,Winter,Mustard,1097,2.01,2205
2023-24,Raygada,Winter,Nizer,2630,2.82,7417
2023-24,Raygada,Winter,Jute,,,
2023-24,Raygada,Winter,Potato,84,135.25,11361
2023-24,Raygada,Winter,Sugarcane,,,
2023-24,Sambalpur,Autumn,Wheat,,,
2023-24,Sambalpur,Autumn,Maize,224,28.08,6290
2023-24,Sambalpur,Autumn,Ragi,31,1.13,35
2023-24,Sambalpur,Autumn,Mung,59,7.17,423
2023-24,Sambalpur,Autumn,Biri,59,5.75,339
2023-24,Sambalpur,Autumn,Kulthi,,,
2023-24,Sambalpur,Autumn,Til,,,
2023-24,Sambalpur,Autumn,Groundnut,160,11.59,1854
2023-24,Sambalpur,Autumn,Mustard,,,
2023-24,Sambalpur,Autumn,Nizer,,,
2023-24,Sambalpur,Autumn,Jute,,,
2023-24,Sambalpur,Autumn,Potato,,,
2023-24,Sambalpur,Autumn,Sugarcane,,,
2023-24,Sambalpur,Summer,Wheat,,,
2023-24,Sambalpur,Summer,Maize,,,
2023-24,Sambalpur,Summer,Ragi,13,7.16,93
2023-24,Sambalpur,Summer,Mung,608,6.91,4201
2023-24,Sambalpur,Summer,Biri,5,5.25,26
2023-24,Sambalpur,Summer,Kulthi,,,
2023-24,Sambalpur,Summer,Til,19,3.29,63
2023-24,Sambalpur,Summer,Groundnut,90,18.43,1659
2023-24,Sambalpur,Summer,Mustard,,,
2023-24,Sambalpur,Summer,Nizer,,,
2023-24,Sambalpur,Summer,Jute,,,
2023-24,Sambalpur,Summer,Potato,,,
2023-24,Sambalpur,Summer,Sugarcane,,,
2023-24,Sambalpur,Winter,Wheat,,,
2023-24,Sambalpur,Winter,Maize,,,
2023-24,Sambalpur,Winter,Ragi,,,
2023-24,Sambalpur,Winter,Mung,532,6.36,3384
2023-24,Sambalpur,Winter,Biri,188,5.48,1030
2023-24,Sambalpur,Winter,Kulthi,413,5.38,2222
2023-24,Sambalpur,Winter,Til,398,3.38,1345
2023-24,Sambalpur,Winter,Groundnut,,,
2023-24,Sambalpur,Winter,Mustard,1098,6.85,7521
2023-24,Sambalpur,Winter,Nizer,,,
2023-24,Sambalpur,Winter,Jute,,,
2023-24,Sambalpur,Winter,Potato,489,128.8,62983
2023-24,Sambalpur,Winter,Sugarcane,,,
2023-24,Subarnapur,Autumn,Maize,,,
2023-24,Subarnapur,Autumn,Ragi,,,
2023-24,Subarnapur,Autumn,Mung,140,3.9,546
2023-24,Subarnapur,Autumn,Biri,,,
2023-24,Subarnapur,Autumn,Kulthi,,,
2023-24,Subarnapur,Autumn,Til,,,
2023-24,Subarnapur,Autumn,Groundnut,,,
2023-24,Subarnapur,Autumn,Mustard,,,
2023-24,Subarnapur,Autumn,Nizer,,,
2023-24,Subarnapur,Autumn,Jute,,,
2023-24,Subarnapur,Autumn,Potato,,,
2023-24,Subarnapur,Autumn,Sugarcane,,,
2023-24,Subarnapur,Summer,Maize,,,
2023-24,Subarnapur,Summer,Ragi,,,
2023-24,Subarnapur,Summer,Mung,1693,3.81,6450
2023-24,Subarnapur,Summer,Biri,,,
2023-24,Subarnapur,Summer,Kulthi,,,
2023-24,Subarnapur,Summer,Til,6,1.17,7
2023-24,Subarnapur,Summer,Groundnut,152,18.64,2833
2023-24,Subarnapur,Summer,Mustard,,,
2023-24,Subarnapur,Summer,Nizer,,,
2023-24,Subarnapur,Summer,Jute,,,
2023-24,Subarnapur,Summer,Potato,,,
2023-24,Subarnapur,Summer,Sugarcane,,,
2023-24,Subarnapur,Winter,Maize,,,
2023-24,Subarnapur,Winter,Ragi,2,8.67,17
2023-24,Subarnapur,Winter,Mung,105,3.13,329
2023-24,Subarnapur,Winter,Biri,,,
2023-24,Subarnapur,Winter,Kulthi,218,4.03,879
2023-24,Subarnapur,Winter,Til,,,
2023-24,Subarnapur,Winter,Groundnut,,,
2023-24,Subarnapur,Winter,Mustard,42,3.88,163
2023-24,Subarnapur,Winter,Nizer,,,
2023-24,Subarnapur,Winter,Jute,,,
2023-24,Subarnapur,Winter,Potato,,,
2023-24,Subarnapur,Winter,Sugarcane,,,
2023-24,Subarnpur,Autumn,Wheat,,,
2023-24,Subarnpur,Summer,Wheat,,,
2023-24,Subarnpur,Winter,Wheat,,,
2023-24,Sundargarh,Autumn,Wheat,,,
2023-24,Sundargarh,Autumn,Maize,808,30.62,24744
2023-24,Sundargarh,Autumn,Ragi,658,7.38,4856
2023-24,Sundargarh,Autumn,Mung,646,4.62,2985
2023-24,Sundargarh,Autumn,Biri,714,4.87,3477
2023-24,Sundargarh,Autumn,Kulthi,,,
2023-24,Sundargarh,Autumn,Til,9,2.35,21
2023-24,Sundargarh,Autumn,Groundnut,1120,10.37,11614
2023-24,Sundargarh,Autumn,Mustard,,,
2023-24,Sundargarh,Autumn,Nizer,,,
2023-24,Sundargarh,Autumn,Jute,,,
2023-24,Sundargarh,Autumn,Potato,,,
2023-24,Sundargarh,Autumn,Sugarcane,,,
2023-24,Sundargarh,Summer,Wheat,33,16.7,551
2023-24,Sundargarh,Summer,Maize,21,14.48,304
2023-24,Sundargarh,Summer,Ragi,38,7.41,282
2023-24,Sundargarh,Summer,Mung,1561,5.52,8617
2023-24,Sundargarh,Summer,Biri,97,5.92,574
2023-24,Sundargarh,Summer,Kulthi,,,
2023-24,Sundargarh,Summer,Til,67,2.21,148
2023-24,Sundargarh,Summer,Groundnut,506,19.73,9983
2023-24,Sundargarh,Summer,Mustard,,,
2023-24,Sundargarh,Summer,Nizer,,,
2023-24,Sundargarh,Summer,Jute,,,
2023-24,Sundargarh,Summer,Potato,,,
2023-24,Sundargarh,Summer,Sugarcane,,,
2023-24,Sundargarh,Winter,Wheat,,,
2023-24,Sundargarh,Winter,Maize,39,31.3,1221
2023-24,Sundargarh,Winter,Ragi,637,7.52,4790
2023-24,Sundargarh,Winter,Mung,107,5.58,597
2023-24,Sundargarh,Winter,Biri,310,3.89,1206
2023-24,Sundargarh,Winter,Kulthi,1699,4.61,7832
2023-24,Sundargarh,Winter,Til,1052,3.76,3956
2023-24,Sundargarh,Winter,Groundnut,,,
2023-24,Sundargarh,Winter,Mustard,3332,6.35,21158
2023-24,Sundargarh,Winter,Nizer,64,2.96,189
2023-24,Sundargarh,Winter,Jute,,,
2023-24,Sundargarh,Winter,Potato,1333,103.26,137646
2023-24,Sundargarh,Winter,Sugarcane,137,1089.87,149312
